URL,"Current Title","New Title","Current Desc","New Desc",H1,"Primary CTA Text"
https://nrlc.ai/en-us/services/semantic-seo-ai/stoke-on-trent/,"Auto-generated (check router)","Local SEO in Stoke On Trent | NRLC.ai","Auto-generated (check router)","Local SEO for Stoke On Trent businesses. Technical fixes, GBP optimization, content that ranks, and measurable leads. Call or email to talk.","Local SEO in Stoke On Trent","Call | Email | Book a Call"
https://nrlc.ai/en-us/services/local-seo-ai/norwich/,"Auto-generated (check router)","Local SEO in Norwich | NRLC.ai","Auto-generated (check router)","Local SEO for Norwich businesses. Technical fixes, GBP optimization, content that ranks, and measurable leads. Call or email to talk.","Local SEO in Norwich","Call | Email | Book a Call"
https://nrlc.ai/en-us/services/chatgpt-optimization/southport/,"Auto-generated (check router)","Local SEO in Southport | NRLC.ai","Auto-generated (check router)","Local SEO for Southport businesses. Technical fixes, GBP optimization, content that ranks, and measurable leads. Call or email to talk.","Local SEO in Southport","Call | Email | Book a Call"
https://nrlc.ai/en-us/services/voice-search-optimization/derby/,"Auto-generated (check router)","Local SEO in Derby | NRLC.ai","Auto-generated (check router)","Local SEO for Derby businesses. Technical fixes, GBP optimization, content that ranks, and measurable leads. Call or email to talk.","Local SEO in Derby","Call | Email | Book a Call"
https://nrlc.ai/fr-fr/services/conversion-optimization-ai/stockport/,"Auto-generated (check router)","Local SEO in Stockport | NRLC.ai","Auto-generated (check router)","Local SEO for Stockport businesses. Technical fixes, GBP optimization, content that ranks, and measurable leads. Call or email to talk.","Local SEO in Stockport","Call | Email | Book a Call"
https://nrlc.ai/en-us/services/llm-content-strategy/norwich/,"Auto-generated (check router)","Local SEO in Norwich | NRLC.ai","Auto-generated (check router)","Local SEO for Norwich businesses. Technical fixes, GBP optimization, content that ranks, and measurable leads. Call or email to talk.","Local SEO in Norwich","Call | Email | Book a Call"
https://nrlc.ai/en-us/services/verification-optimization-ai/blackpool/,"Auto-generated (check router)","Local SEO in Blackpool | NRLC.ai","Auto-generated (check router)","Local SEO for Blackpool businesses. Technical fixes, GBP optimization, content that ranks, and measurable leads. Call or email to talk.","Local SEO in Blackpool","Call | Email | Book a Call"
https://nrlc.ai/en-gb/services/international-seo/huddersfield/,"Auto-generated (check router)","Local SEO in Huddersfield | NRLC.ai","Auto-generated (check router)","Local SEO for Huddersfield businesses. Technical fixes, GBP optimization, content that ranks, and measurable leads. Call or email to talk.","Local SEO in Huddersfield","Call | Email | Book a Call"
https://nrlc.ai/en-us/services/generative-seo/halifax/,"Auto-generated (check router)","Local SEO in Halifax | NRLC.ai","Auto-generated (check router)","Local SEO for Halifax businesses. Technical fixes, GBP optimization, content that ranks, and measurable leads. Call or email to talk.","Local SEO in Halifax","Call | Email | Book a Call"
https://nrlc.ai/es-es/services/international-seo/blackpool/,"Auto-generated (check router)","Local SEO in Blackpool | NRLC.ai","Auto-generated (check router)","Local SEO for Blackpool businesses. Technical fixes, GBP optimization, content that ranks, and measurable leads. Call or email to talk.","Local SEO in Blackpool","Call | Email | Book a Call"
https://nrlc.ai/en-us/services/link-building-ai/southampton/,"Auto-generated (check router)","Local SEO in Southampton | NRLC.ai","Auto-generated (check router)","Local SEO for Southampton businesses. Technical fixes, GBP optimization, content that ranks, and measurable leads. Call or email to talk.","Local SEO in Southampton","Call | Email | Book a Call"
https://nrlc.ai/en-us/services/bard-optimization/huddersfield/,"Auto-generated (check router)","Local SEO in Huddersfield | NRLC.ai","Auto-generated (check router)","Local SEO for Huddersfield businesses. Technical fixes, GBP optimization, content that ranks, and measurable leads. Call or email to talk.","Local SEO in Huddersfield","Call | Email | Book a Call"
https://nrlc.ai/en-us/services/ai-search-optimization/oldham/,"Auto-generated (check router)","Local SEO in Oldham | NRLC.ai","Auto-generated (check router)","Local SEO for Oldham businesses. Technical fixes, GBP optimization, content that ranks, and measurable leads. Call or email to talk.","Local SEO in Oldham","Call | Email | Book a Call"
https://nrlc.ai/es-es/services/contextual-seo-ai/huddersfield/,"Auto-generated (check router)","Local SEO in Huddersfield | NRLC.ai","Auto-generated (check router)","Local SEO for Huddersfield businesses. Technical fixes, GBP optimization, content that ranks, and measurable leads. Call or email to talk.","Local SEO in Huddersfield","Call | Email | Book a Call"
https://nrlc.ai/de-de/services/relevance-optimization-ai/stockport/,"Auto-generated (check router)","Local SEO in Stockport | NRLC.ai","Auto-generated (check router)","Local SEO for Stockport businesses. Technical fixes, GBP optimization, content that ranks, and measurable leads. Call or email to talk.","Local SEO in Stockport","Call | Email | Book a Call"
https://nrlc.ai/fr-fr/services/local-seo-ai/sudbury/,"Auto-generated (check router)","Local SEO in Sudbury | NRLC.ai","Auto-generated (check router)","Local SEO for Sudbury businesses. Technical fixes, GBP optimization, content that ranks, and measurable leads. Call or email to talk.","Local SEO in Sudbury","Call | Email | Book a Call"
https://nrlc.ai/en-us/services/international-seo/stoke-on-trent/,"Auto-generated (check router)","Local SEO in Stoke On Trent | NRLC.ai","Auto-generated (check router)","Local SEO for Stoke On Trent businesses. Technical fixes, GBP optimization, content that ranks, and measurable leads. Call or email to talk.","Local SEO in Stoke On Trent","Call | Email | Book a Call"
