Pillar,Query,Suggested Supporting Article
Buying Domains,buy domain with crypto,
Domain Management,domain changer,
Selling Domains,sell domain name,
Selling Domains,sell a domain name,
Technical SEO & Redirects,301 vs 302 redirect,
Selling Domains,how to sell a domain name,
Other,domain name law,
Technical SEO & Redirects,http 301 vs 302,
Other,backorder domain,
Other,domain backorder,
Selling Domains,domain reseller,
Selling Domains,selling domain names,
Technical SEO & Redirects,redirect 301 vs 302,
Technical SEO & Redirects,difference between 301 and 302 redirect,
Selling Domains,sell domain names,
Other,what would be an example of an ethical way to use ai for personal finance?,
Other,cheap .shop domain hostinger,
Technical SEO & Redirects,301 vs 302,
Selling Domains,sell my domain name,
Selling Domains,sell my domain,
Other,domain monetization,
Other,domain laws,
Other,domain lifecycle review - expiration risk detected,
Technical SEO & Redirects,301 redirect vs 302,
Other,registry lock,
Other,url masking,
Other,domain name infringement,
Other,expired domain list,
Other,domain name laws,
Buying Domains,buy domain name with crypto,
Other,url name changer,
Other,revenda de dominios,
Technical SEO & Redirects,302 vs 301,
Other,domain flipping,
Other,brandable domains,
Other,expired domains list,
Selling Domains,domain reseller program,
Other,domain leasing,
Selling Domains,how to become a domain reseller,
Other,ai domain appraisal,
Selling Domains,sell domain name instantly,
Selling Domains,sell your domain name,
Selling Domains,how to sell my domain name,
Other,change url name,
Selling Domains,how to sell domain names for profit,
Other,dns_probe_finished_nxdomain,
Selling Domains,how to sell domain name,
Other,new tlds 2025,
Selling Domains,how to become domain reseller,
Selling Domains,sell my domains,
Selling Domains,best way to sell a domain name,
Other,pending delete domain list,
Other,domain flipping with ai,
Domain Management,change link domain,
Technical SEO & Redirects,http 302 vs 301,
Technical SEO & Redirects,302 vs 301 redirect,
Technical SEO & Redirects,301 or 302 redirect,
Other,brandable domain names,
Selling Domains,sell domain,
Selling Domains,become a domain reseller,
Buying Domains,buy expired domains,
Selling Domains,reseller domain,
Other,brandable domain name,
Selling Domains,how to sell domain names,
Other,domain law,
Other,domain backorder service,
Other,icann fee,
Other,domain name leasing,
Other,backorder domains,
Selling Domains,selling domains,
Other,digital responsibility,
Other,.dev domain,
Other,rules for domain names,
Technical SEO & Redirects,301 and 302 redirect difference,
Selling Domains,selling a domain name,
Selling Domains,how to sell your domain name,
Technical SEO & Redirects,301 vs 302 cache,
Selling Domains,sell your domain,
Selling Domains,selling my domain name,
Other,domain rights,
Selling Domains,domain names reseller,
Other,domain name regulations,
Other,parked domain security risk,
Other,securitytrails passive dns,
Other,best domain marketplace,
Other,monetize parked domains,
Other,parked domains meaning,
Technical SEO & Redirects,status code 301 vs 302,
Other,.ai domain,
Other,why are .tech domains so expensive,
Other,ssl certificates are unavailable,
Selling Domains,where to sell domain names,
Other,реселлинг доменов,
Buying Domains,buy domain with crypto payment,
Other,solopreneur website,
Other,domain flipping for beginners,
Buying Domains,buy domain for crypto,
Other,domain name legal issues,
Other,privacyguardian.org llc,
Other,website name changer,
Other,is .studio a good domain,
Technical SEO & Redirects,redirect type 301 vs 302,
Selling Domains,how do i sell a domain,
Other,.ai domain value,
Other,flexibility xyz real name,
Other,.dev vs .com,
Other,doh vs doq,
Other,deleted domain list,
Other,domain flipping salary,
Other,lease to own domains,
Other,dnssec ssl,
Other,flip domains for profit,
Other,domain appraisal ai,
Other,.ai,
Domain Management,link domain changer,
Other,.me,
Technical SEO & Redirects,dr fixit 301 vs 302 uses,
Other,ssl seo,
Technical SEO & Redirects,302 redirect vs 301,
Other,link masking,
Selling Domains,domain reselling,
Other,domain rules,
Technical SEO & Redirects,301 redirect vs 302 redirect,
Other,registrar lock,
Other,blog advertising,
Selling Domains,domain reseller business,
Selling Domains,resell domain,
Selling Domains,domain resellers,
Other,domain registry lock,
Other,expired domains,
Other,domain masking,
Other,why are some domains so expensive,
Other,brandable domain,
Other,deleted domains,
Selling Domains,how to be a domain reseller,
Selling Domains,best domain reseller,
Other,domain backorders,
Other,domain name rules,
Selling Domains,reseller domain name,
Other,backorder a domain,
Other,expired domains seo,
Other,ten dollar business,
Buying Domains,buy domain with bitcoin,
Other,domain parking,
Other,premium domain,
Other,expiring domains,
Other,what is icann fee,
Technical SEO & Redirects,301 and 302 redirect,
Other,expired domain names list,
Selling Domains,how to sell a domain,
Selling Domains,how to sell domains,
Other,back order domain,
Other,domain name backorder,
Selling Domains,sell your domains,
Selling Domains,sell a domain,
Other,domain name marketplace,
Other,blog ads,
Technical SEO & Redirects,temporary redirect vs permanent redirect,
Selling Domains,selling a domain,
Buying Domains,buy old domains,
Selling Domains,best domain name reseller,
Other,.studio domain,
Other,premium domain names for sale,
Other,sold domain names,
Other,domain charges meaning,
Other,domain name sale,
Selling Domains,domain selling,
Selling Domains,domain reselling business,
Selling Domains,can i sell my domain name,
Other,mask url,
Other,domain rule,
Other,local seo for small business,
Other,does domain age matter in seo,
Other,silo website builder,
Other,how to sale domain name,
Selling Domains,i want to sell my domain name,
Technical SEO & Redirects,masked redirect,
Buying Domains,purchase domain with crypto,
Selling Domains,sell your domain names,
Other,free website builder with free domain name,
Other,domain parking monetization,
Selling Domains,become a domain name reseller,
Other,best domain marketplaces,
Buying Domains,buy domains with crypto,
Selling Domains,domain sell,
Other,monetizing parked domains,
Selling Domains,domain resell,
Selling Domains,domain registrar reseller,
Other,back order domains,
Other,how to backorder a domain,
Other,passive dns,
Selling Domains,domain name resellers,
Other,domain flipping websites,
Other,icann fees means,
Other,deleted domains list,
Other,10 dollar business,
Other,domain name trends 2025,
Selling Domains,sell my website domain,
Other,expired domains for seo,
Buying Domains,expired domain buy,
Other,cheap aged domains,
Technical SEO & Redirects,what’s the difference between a 301 and a 302 redirect?,
Other,icann fees,
Selling Domains,sell your website domain,
Buying Domains,buy domain crypto,
Other,.com,
Other,wildcard certificate,
Selling Domains,cheap domain reseller program,
Other,what is an icann fee,
Other,domain names recently expired,
Other,is .app a good domain,
Other,second level domain,
Buying Domains,buy an expiring domain,
Other,cheap expired domain names,
Other,are parked domains a security risk,
Other,make money domain parking,
Other,domain leasing services,
Selling Domains,i want to sell my domain,
Other,premium names,
Other,lifetime commission,
Selling Domains,domain selling websites,
Other,wildcard ssl certificate price,
Other,llmeo,
Other,how to become a domain broker,
Other,is private domain registration worth it,
Other,why is digital responsibility important,
Other,.com vs .ai,
Other,domain ownership,
Technical SEO & Redirects,http code 301 vs 302,
Buying Domains,buy domain bitcoin,
Other,domain name rights,
Other,ssl seo impact,
Technical SEO & Redirects,301 vs 302 http,
Other,servertransferprohibited,
Other,url forwarding,
Other,domain trends,
Buying Domains,domain crypto payment,
Other,blogging advertising,
Buying Domains,buy domain by crypto,
Technical SEO & Redirects,301 vs 302 status code,
Other,private nameservers,
Other,cheap domain,
Other,dev domain meaning,
Other,v=spf1 include:spf.titan.email ~all,
Other,personal nameservers,
Other,register nameservers,
Other,changing url name,
Other,domain value tool,
Other,the future of domain names,
Other,webxr,
Other,expired domain lists,
Other,web3 domain registrar,
Other,private name server,
Other,premium domain leasing,
Other,are ai domains worth it,
Other,best wordpress security plugins,
Other,user agent string,
Other,domain name monetization,
Other,is .ai domain worth it,
Selling Domains,selling your domain name,
Other,why are some domains more expensive,
Other,top domain marketplaces,
Other,.studio domain meaning,
Other,fake websites,
Other,verisign registry lock,
Other,how to change a url name,
Selling Domains,sell web domain names,
Other,traditional web hosting,
Other,ai domain valuation,
Other,why do some domains cost more than others,
Other,domain name suggestions ai,
Other,domain marketplace platforms,
Technical SEO & Redirects,302 vs 301 status code,
Other,domain sniping,
Other,decentralized domains,
Other,psychology of discounts,
Other,value of .ai domains,
Other,url name change,
Buying Domains,auctions domain purchase,
Other,best domain backorder service,
Other,domain flip ai,
Selling Domains,resell domain name,
Other,digital responsibilities,
Other,exact match domain names,
Buying Domains,buy cheap domain with crypto,
Other,what makes a domain valuable,
Other,expired domains with high da pa,
Other,domain suspended. contacts verification needed.,
Selling Domains,sell domain instantly,
Other,studio domain name,
Other,.app websites,
Other,domain name policy,
Other,registry lock domain,
Other,discount psychology,
Other,who owns a domain name,
Other,ssl certificates unavailable,
Other,how to backorder a domain name,
Other,url change name,
Selling Domains,sell your domain name instantly,
Other,domain germany,
Buying Domains,register domain with crypto,
Technical SEO & Redirects,301 status code,
Other,reverse domain,
Buying Domains,crypto domain registrar,
Other,make free website with free domain and hosting,
Other,what is a domain name,
Other,cheap domain backorder,
Other,change url link name,
Other,icann gebühr,
Other,domain names law,
Other,blog advertisements,
Other,change website link name,
Other,backorder,
Technical SEO & Redirects,przekierowanie 302,
Other,who owns domain,
Other,how to flip domain names for profit,
Selling Domains,sell my domain instantly,
Buying Domains,how to buy premium domain for cheap,
Other,nested domains,
Other,port 8443,
Other,benefits of .app domain,
Other,domain name copyright,
Other,if i register a domain name is it mine,
Buying Domains,cheap domain with crypto,
Buying Domains,where to buy and sell domain names,
Other,dns 4 eu,
Other,register deleted domains,
Other,new top level domains 2025,
Other,ssl not available,
Other,why are .uk domains so cheap,
Other,domain market place,
Other,do i own my domain name,
Other,icann funding,
Other,country code top-level domain,
Buying Domains,buy a website domain for life,
Other,domain name search,
Other,dns trail,
Other,how to start a business without money,
Other,newly-registered-domain,
Other,icann full form,
Other,how to create a free domain website,
Other,.dev sites,
Other,domain name rental,
Buying Domains,can someone buy my domain name,
Other,privacyguardian.org,
Other,to domain illegal,
Buying Domains,websites to buy domain,
Other,10 dollar website,
Other,how to value domain name,
Other,namecheap,
Technical SEO & Redirects,différence entre etat 301 et 302,
Other,ong zoe,
Other,build website free,
Other,how to become domain registrar,
Other,betterwp,
Other,.studio,
Other,webxr 2025,
Other,dns4eu performance,
Selling Domains,godaddy reseller,
Other,what is name silo,
Buying Domains,how to buy a domain name,
Other,estibot,
Other,redemption period,
Other,ionos,
Other,user agent iphone,
Technical SEO & Redirects,état 301 et 302 définition,
Technical SEO & Redirects,redirecting,
Buying Domains,cost to buy domain name,
Other,what is a dns ptr record,
Other,port 8443 vs 443,
Other,newsletter platforms,
Other,endrit muca,
Other,domain flipping profit,
Other,someone has my trademark domain name,
Other,copycat website,
Buying Domains,what happens when you buy a domain,
Other,dns server not responding,
Other,namecheap domain,
Other,internet domain ownership,
Other,registering a domain name,
Other,how do i register a domain name,
Other,yes,
Other,business ideas online,
Other,how do i become a domain registrar,
Other,url seo,
Selling Domains,enom domain reseller,
Other,change a url link name,
Other,web hosting,
Other,cool domain expansion names,
Other,dns error ps5,
Other,domain listings bill scam,
Other,domain name for students,
Other,domain name providers,
Other,domain transfer time,
Other,the nine elements of digital citizenship,
Other,what is @ in dns record,
Other,.as domain,
Other,"enom, inc",
Technical SEO & Redirects,how long does a 302 redirect last,
Other,namescheap,
Other,recurring affiliate marketing,
Other,who controls icann,
Other,как продать домен,
Other,dark web browser,
Other,limited time,
Other,newsletter sites,
Technical SEO & Redirects,pidilite 301 vs 302,
Other,someone took my domain name,
Other,what is ai nested domains,
Other,what is g suite,
Other,продажа доменов,
Other,domena dev,
Other,inexpensive domain names,
Other,spaceship domain marketplace,
Other,vercel vs,
Buying Domains,buy url cheap,
Other,twwo..xyz,
Other,whois domain de,
Selling Domains,platforms to sell domain names,
Other,starting a newsletter business,
Other,ubah nama url,
Other,is the 420 crew legit,
Buying Domains,buy business domain name,
Other,available 4-letter .com domain names,
Other,best hosting providers,
Other,dns fast speed,
Other,best website monetization platform,
Technical SEO & Redirects,redirect types,
Technical SEO & Redirects,302 redirects,
Technical SEO & Redirects,302 redirect,
Technical SEO & Redirects,types of redirects,
Technical SEO & Redirects,301 vs 302 redirect seo,
Other,domain forwarding seo,
Selling Domains,domain name reseller,
Other,forward seo,
Other,subdomain name,
Other,crawl prioritization,
Other,google featured snippets,
Other,premium domain names,
Technical SEO & Redirects,temporary vs permanent redirect,
Other,how to track featured snippets,
Other,ssl for seo,
Technical SEO & Redirects,301 redirects seo,
Technical SEO & Redirects,when to use 302 redirect,
Other,subdomain names,
Technical SEO & Redirects,301 seo,
Technical SEO & Redirects,302 redirect seo,
Technical SEO & Redirects,301 redirect seo,
Other,best wordpress plugins for seo,
Technical SEO & Redirects,what is a 301,
Other,seo tld,
Other,best wordpress plugin for seo,
Technical SEO & Redirects,302 301,
Technical SEO & Redirects,302 redirection,
Other,mobile indexing,
Technical SEO & Redirects,url redirect 301,
Domain Management,change domain name,
Technical SEO & Redirects,301 url redirect,
Technical SEO & Redirects,permanent 301 redirect,
Other,subdomain naming,
Other,best keywords for doman name high competition and high cost,
Technical SEO & Redirects,redirect 302,
Other,expired domain names,
Other,country specific seo,
Other,find domains with keywords,
Technical SEO & Redirects,what is 301,
Other,clickseo blog,
Other,cctld seo,
Technical SEO & Redirects,redirect guide,
Other,what is a subdomain,
Other,backorder domain name,
Other,affordable domain names,
Technical SEO & Redirects,302 vs 301 redirect seo,
Other,premium dns,
Other,dropped domains,
Other,domain name keywords,
Technical SEO & Redirects,url 301 redirect,
Selling Domains,reseller domain names,
Other,seo domains,
Other,ssl port,
Other,google ads vs facebook ads,
Domain Management,how to change domain name,
Other,feature snippets,
Other,what does mobile first indexing mean,
Buying Domains,domain name buyers,
Technical SEO & Redirects,301 302 seo,
Other,dns record types,
Other,what is a parked domain,
Other,changing url,
Technical SEO & Redirects,what is a 302 redirect,
Other,subdomain,
Technical SEO & Redirects,url 301,
Other,domain infringement,
Other,expired domains for sale,
Other,recently expired domain names,
Technical SEO & Redirects,seo 301 redirects,
Other,emd keywords,
Other,expired domain search,
Other,find available domain names with keywords,
Other,domain name trademark infringement,
Other,featured snippets google,
Technical SEO & Redirects,seo 302 redirect,
Selling Domains,resell domain names,
Other,featured snippets quick start guide,
Technical SEO & Redirects,301 302,
Other,domain names for sales,
Selling Domains,sell domains,
Technical SEO & Redirects,how to 302 redirect,
Other,ssl in seo,
Technical SEO & Redirects,301 v 302 redirect,
Technical SEO & Redirects,301 302 redirect,
Technical SEO & Redirects,redirect 301,
Other,what is domain parking,
Technical SEO & Redirects,do 301 redirects hurt seo,
Other,changing urls,
Other,cheap .shop domain hostinger free,
Other,blog seo,
Other,smush seo,
Selling Domains,domain name reseller business,
Technical SEO & Redirects,301 errors,
Other,registrar lock services,
Technical SEO & Redirects,website 301,
Domain Management,how to change a domain name,
Other,registry vs registrar,
Other,top level domain,
Other,.law domain names,
Other,de domain,
Technical SEO & Redirects,www redirection 301,
Technical SEO & Redirects,301 vs 302 redirects,
Other,how to find expired domains,
Buying Domains,buy expired domain names,
Selling Domains,reseller domains,
Other,how to choose a domain name,
Other,domain registrar lock,
Technical SEO & Redirects,domain authority 301 rebranding,
Other,find expired domains,
Other,similar domain names law,
Other,domain names and trademark infringement,
Other,sub domain,
Technical SEO & Redirects,types of redirect,
Other,mobile seo google,
Other,registry lock services,
Other,domain subdomain,
Technical SEO & Redirects,what is 301 redirection code,
Other,seo ssl,
Other,domain for seo,
Other,migrate website to new domain,
Technical SEO & Redirects,302 seo,
Technical SEO & Redirects,difference between 301 and 302,
Other,how to migrate a website to a new domain,
Other,website branding,
Other,advertising blog,
Selling Domains,domains reseller,
Technical SEO & Redirects,301 redirects and seo,
Other,domain future,
Other,semrush featured snippets,
Other,best domain name for seo,
Other,order domains,
Other,brand domain meaning,
Other,what is a premium domain name,
Technical SEO & Redirects,redirect 302 seo,
Other,epp code,
Other,website trademark infringement,
Other,google mobile first seo,
Other,google mobile seo,
Other,seo rankings,
Buying Domains,can i buy a domain that expired or pending renewal,
Technical SEO & Redirects,seo 301,
Other,flipping domain names,
Domain Management,can you change the domain name of a website,
Other,google mobile-first indexing 2025,
Other,how to protect your domain name from cybersquatting,
Technical SEO & Redirects,redirect 301 302,
Other,renaming urls,
Other,corporate philanthropy programs,
Other,seo analytics definition,
Other,domain name protection,
Other,seo guide,
Other,domain name flipping,
Technical SEO & Redirects,301 302 redirect difference,
Other,domain marketplace,
Domain Management,how to change a domain name of an existing website,
Other,expired domain name search,
Other,url masking seo,
Other,seo for subdomains,
Technical SEO & Redirects,301 and 302 redirects,
Other,best seo wordpress plugins,
Other,aged domains for sale,
Technical SEO & Redirects,http 301 302,
Other,what is a premium domain,
Other,domain name search engine results,
Other,facebook ads vs google ads,
Other,premium dns hosting,
Other,seo and subdomains,
Other,sales domain name,
Other,are premium domains worth it,
Other,find expired domain,
Other,mobile first indexing seo,
Other,domains that are about to expire,
Other,seo wordpress plugins,
Other,leasing domain names,
Other,how to secure a domain name,
Other,seo expired domains,
Other,wildcard ssl certificate,
Other,seo tips,
Other,search expired domain,
Selling Domains,reselling domain,
Technical SEO & Redirects,301 or 302,
Buying Domains,how to buy expired domains,
Technical SEO & Redirects,redirect type,
Other,seo mobile first indexing,
Technical SEO & Redirects,seo 302,
Other,keyword domains,
Other,seo ranking,
Other,countries domains,
Buying Domains,buy premium domains,
Buying Domains,buy expired domain name,
Other,choosing a domain name,
Buying Domains,buying premium domain names,
Other,domain squatting,
Selling Domains,how to sell domain,
Other,tld example,
Other,google featured snippet,
Other,how do you track a featured snippet,
Technical SEO & Redirects,302 temporary redirect,
Other,app domain,
Other,sub domains,
Other,google https ranking signal 2025,
Other,what does mobile-first indexing mean,
Other,descriptive domain names,
Other,what is .de domain,
Selling Domains,domain name reseller account,
Other,domain hijacking protection,
Technical SEO & Redirects,domain redirect seo,
Other,does top level domain matter,
Other,shared hosting vs vps hosting,
Buying Domains,buy crypto domains,
Other,.de domain country,
Other,parked domains,
Other,domain hits,
Other,premium domains,
Other,domain lapse,
Other,legal domain names,
Other,semrush featured snippet,
Other,domain lock,
Other,domain age seo,
Domain Management,can you change a domain name,
Other,search expired domains,
Other,find premium domains,
Other,domain regulation,
Other,free domain parking,
Selling Domains,how does domain reselling work,
Other,recently expired domains,
Other,types of corporate philanthropy,
Other,de domain country,
Other,old domains for sale,
Other,no website found newsletter provider software,
Other,ecommerce subdomain,
Other,subdomain structure,
Buying Domains,buy aged domains,
Other,moztrust,
Other,url name,
Technical SEO & Redirects,redirection types,
Other,top domain broker,
Other,vps or shared hosting,
Other,how to flip domains,
Other,deleted domain names,
Other,domain forwarding,
Other,find expiring domains,
Other,dedicated server vs shared hosting,
Buying Domains,buy premium domain names,
Other,dropped domain names,
Selling Domains,domain name reseller program,
Other,prevent cybersquatting,
Selling Domains,resell domains,
Other,seo subdomains,
Selling Domains,reseller dominios,
Other,search expiring domains,
Other,what is premium dns,
Technical SEO & Redirects,301 redirect url,
Technical SEO & Redirects,different types of redirects,
Other,best email for business,
Other,building domain authority,
Technical SEO & Redirects,temporary redirects,
Other,parking domains,
Other,expired domain auction,
Selling Domains,best domain reseller company,
Domain Management,can i change the domain name of my website,
Other,domain name and seo,
Other,descriptive vs. brandable domain names,
Other,top level domains,
Other,domain structure,
Other,google mobile first indexing 2025,
Other,top tlds,
Other,expiring domains search,
Other,evaluate the web hosting,
Other,expired domain,
Other,wildcard ssl,
Buying Domains,buying expired domain names,
Other,expired domain names under $50 lo-fi tech review,
Other,how to obtain featured snippets,
Other,what is the impact of ssl certificates on e-commerce,
Other,expired domains search,
Other,legal domains,
Other,cheap premium domains,
Other,get expired domain,
Other,video marketing trends,
Other,countries tld,
Technical SEO & Redirects,what is 302 redirect,
Other,.app domain,
Technical SEO & Redirects,permanent redirect 301,
Technical SEO & Redirects,https redirect 301 or 302,
Domain Management,can i change domain name,
Other,featured snippets guide,
Other,websites for solopreneurs,
Other,descriptive keywords,
Other,do subdomains hurt seo,
Other,true value,
Other,dns premium,
Other,featured snippets on google,
Other,why do domains cost money,
Other,sale domain names,
Other,tips to get featured snippets,
Other,.de domain,
Other,how do subdomains affect seo,
Other,domain lease,
Other,ssl wildcard certificate cost,
Other,domain levels,
Other,expired domains with pagerank,
Technical SEO & Redirects,301 redirect for seo,
Other,keyword domain,
Other,how to build website authority,
Other,subdomains,
Other,brand domain,
Other,flip a domain,
Other,seo expired content,
Other,real time data api,
Buying Domains,buy aged domain names,
Other,expired domain name auction,
Other,brandable company names,
Other,oneclick wordpress,
Buying Domains,buy expiring domains,
Other,make free website with free domain name,
Other,what are the best wordpress themes for business websites?,
Other,what is domain flipping,
Other,url vs,
Technical SEO & Redirects,301 and 302 difference,
Other,seo analytics,
Buying Domains,buy old domain names,
Other,private domain registration,
Other,domains about to expire,
Other,tracking featured snippets,
Other,google ssl seo,
Other,benefits of featured snippets,
Other,flip domain names,
Other,what is a parked domain name,
Other,expireddomains,
Other,"""analytics seo""",
Other,how to secure your business name,
Other,flipping domains,
Other,parked sites,
Selling Domains,best domain reseller program,
Other,keywords for domain names,
Other,vps or dedicated server hosting,
Other,how to flip domain names,
Other,domain search engine optimization,
Other,premium dns service,
Other,domain name management and renewals for corporate,
Other,expired domain names for sale,
Technical SEO & Redirects,seo 301 redirect,
Other,pop up ads pros and cons,
Technical SEO & Redirects,what are 302 redirects,
Other,premium domain meaning,
Other,ssl and seo,
Selling Domains,reseller domain registration,
Other,what is subdomain,
Other,xyz link,
Other,what is a sub domain,
Other,advertising blogs,
Other,app domains,
Other,search engine registration spam,
Other,one click wordpress install,
Other,find expired domain names,
Other,seo stats and site analysis,
Other,backorder domain names,
Other,sub-account management,
Other,uri vs url,
Other,https port,
Other,why are premium domains so expensive,
Other,find premium domain names,
Other,domain flipping guide,
Other,affiliate marketing payouts,
Other,deleted or expired domains,
Other,auction domain names,
Other,lease domain name,
Other,seo domain names,
Other,changing domain name,
Other,featured snippets google quick,
Other,list of expired domains,
Other,law domain,
Other,ssl seo benefits,
Other,nominet change ips tag,
Other,domain marketplaces,
Other,domain back order,
Technical SEO & Redirects,difference 301 and 302 redirect,
Selling Domains,sell domain online,
Other,root domains,
Other,promo content,
Other,philanthropic activities in business,
Other,.de,
Other,expiring domain search,
Other,get featured snippets google quick,
Other,brand domain names,
Technical SEO & Redirects,302 vs 307,
Other,track featured snippets,
Other,branded domain names,
Other,how much is a domain name,
Technical SEO & Redirects,redirection domain,
Other,mobile first indexing meaning,
Other,what is tld,
Other,blog adverts,
Other,website builders with free domain name,
Other,are subdomains bad for seo,
Other,writing your first blog post,
Other,app tld,
Technical SEO & Redirects,redirects and seo,
Other,tlds,
Technical SEO & Redirects,http 302 vs 303,
Technical SEO & Redirects,301 redirect seo benefits,
Selling Domains,how to resell domain names,
Other,mobile-first indexing 2025,
Other,best wildcard ssl,
Other,revender dominios,
Other,what are premium domains,
Other,afternic commission rate 2025,
Buying Domains,buying domain names to resell,
Other,premium domain name,
Other,cheapest way to drive traffic to a website,
Other,shared hosting vs dedicated server,
Other,countries domain,
Other,what is url masking,
Other,best wordpress security plugins 2020,
Selling Domains,what is a domain reseller,
Other,premium domain cost,
Other,do i really need all these fancy hosting features?,
Buying Domains,buy expired domains for pbn,
Buying Domains,buy old domain,
Other,expired domains with backlinks,
Other,domains expired,
Other,cloud hosting vs traditional hosting,
Other,what is domain squatting,
Other,dropped domain,
Other,web trademark infringement,
Other,expired domain names search,
Other,featured snippets semrush,
Other,domain resale,
Other,seo domain name,
Other,domain expired,
Other,expiring domain names,
Other,domain name sales,
Other,dev domain,
Selling Domains,domain name sell,
Domain Management,how to change your domain name,
Technical SEO & Redirects,302 and 301 redirects,
Other,make money flipping domains,
Other,премиум dns хостинг,
Other,domain analytics,
Other,what makes a domain name premium,
Other,when future domain,
Other,advantages and disadvantages of pop up ads,
Buying Domains,buy domain names for resale,
Other,domain authority building,
Other,passive income ideas,
Other,finding expired domains,
Other,website tld,
Other,how domain future,
Other,law domain names,
Other,domain name subdomain,
Other,subdomains seo,
Other,google mobile-first indexing 2025 status,
Technical SEO & Redirects,permanent vs temporary redirect,
Other,tips choosing domain name,
Other,parked doamin,
Other,how to create featured snippets,
Other,which future domain,
Other,domain masking seo,
Other,business wordpress themes,
Other,subdomain backlinks,
Technical SEO & Redirects,301 redirect page,
Other,why are premium domain names so expensive,
Other,aged domain names,
Other,what domain future,
Other,domain extensions seo,
Buying Domains,buy an expired domain,
Selling Domains,how to sell your domain,
Selling Domains,selling a premium domain name with high ahrefs ranking,
Other,facebook vs google ads,
Technical SEO & Redirects,redirect domain seo,
Other,tld seo,
Other,flipping domain names for profit,
Other,website monetization strategies,
Other,signs of scam website,
Buying Domains,buying expiring domains,
Other,seo guidelines,
Other,real time apis,
Other,domain ranking,
Other,does tld affect seo,
Technical SEO & Redirects,types of redirection,
Other,personal domains,
Other,why future domain,
Other,find featured snippets opportunities,
Other,parked domain,
Other,website backup plan,
Other,containerized wordpress,
Other,recent expired domains,
Other,brandable domain marketplace,
Buying Domains,where to buy expired domain names,
Other,where domain future,
Other,is domain privacy worth it,
Other,aged domain for sale,
Other,afternic commission rates 2025,
Other,what are subdomains,
Other,how much does a domain name cost,
Other,perfect domain name,
Other,sale domain name,
Other,descriptive company names,
Other,how do cctld help with localization,
Other,backordering domains,
Other,cheap expired domains,
Other,masking url,
Domain Management,how to change the domain name,
Domain Management,change domain of website,
Buying Domains,buying expired domain,
Other,best domain extensions for seo,
Other,old domain for sale,
Other,why domain future,
Technical SEO & Redirects,redirect 301 or 302,
Technical SEO & Redirects,301 vs 302 redirect moz,
Selling Domains,where can i sell my domain name,
Other,expiring domains list,
Technical SEO & Redirects,permanent 301,
Other,url forwarding with masking,
Other,domain worth price,
Other,is domain flipping profitable,
Other,old domain names,
Other,how to prevent domain hijacking,
Other,domain authority domains for sale,
Other,which domain future,
Other,domain ranking check,
Other,domains expiring,
Other,tld and seo,
Other,advertising in my blog,
Other,do exact match domains still work,
Technical SEO & Redirects,temporary redirect 302,
Other,google seo ssl,
Other,premium alan adı,
Technical SEO & Redirects,seo 301 302,
Other,register expired domain,
Other,tld list,
Other,domain names and seo,
Other,website for solopreneurs,
Buying Domains,buy expiring domain,
Other,featured snippets in search,
Other,cctld,
Other,how future domain,
Other,website seo ranking,
Other,when domain future,
Other,how to make money with domain names,
Other,domain evaluator,
Other,seo preservation services,
Other,domain name protection strategy,
Other,optimizing for google snippets,
Other,shared hosting vs vps vs dedicated server,
Other,domain name tld,
Technical SEO & Redirects,301 redirects for seo,
Other,domain name intellectual property rights,
Other,how to lock in a business name,
Buying Domains,how to buy expired domain,
Other,domain pagerank,
Other,picking a good domain name,
Other,silo wordpress,
Other,ph domain country,
Selling Domains,how to become a domain name reseller,
Other,backorder a domain name,
Other,featured snippet google,
Other,xyz domain,
Other,featured snippets short guide,
Selling Domains,domain names sell,
Other,reverse domain name hijacking,
Other,subdomains and seo,
Other,best business email,
Selling Domains,how do i sell a domain name,
Technical SEO & Redirects,redirects 301,
Selling Domains,domain registration reseller,
Other,cyber security domain names,
Other,featured snippets stepbystep,
Other,humanize your brand,
Technical SEO & Redirects,ip based redirection seo,
Buying Domains,buying expired domains,
Other,aged domains,
