service,block_title,body
accuracy-optimization-ai,"Accuracy Signal Engineering","We engineer accuracy signals that improve how AI systems evaluate and trust your content. This includes fact verification signals, source attribution markers, and accuracy validation patterns. AI systems use accuracy signals to determine content trustworthiness, so we optimize all accuracy-critical elements to maximize AI system confidence and citation likelihood."
accuracy-optimization-ai,"Fact Verification & Source Attribution","We implement comprehensive fact verification systems including explicit source attribution, verifiable claims, and accuracy markers. This includes structured fact extraction (explicit 'X is Y' statements with sources), source attribution implementation (clear source links, verifiable URLs, current information), and accuracy validation (fact checking, source verification, claim substantiation). AI systems cite content with strong accuracy signals more frequently and accurately."
accuracy-optimization-ai,"Content Accuracy Optimization","We optimize content accuracy by implementing explicit factual statements, verifiable claims, and accuracy anchors that AI systems use when evaluating content trustworthiness. This includes accuracy signal enhancement (factual accuracy markers, source credibility indicators, claim verification), content accuracy validation (fact checking, source verification, claim substantiation), and accuracy reporting (accuracy metrics, fact verification status, source attribution)."
accuracy-optimization-ai,"AI System Accuracy Alignment","We align content with AI system accuracy requirements including fact verification, source attribution, and accuracy validation. AI systems prioritize certain accuracy factors—factual accuracy (verifiable facts, current information, accurate data), source credibility (authoritative sources, verifiable URLs, current information), and claim substantiation (evidence-based claims, verifiable statements, accurate representations). We ensure your content maximizes all accuracy-critical factors to improve AI system confidence and citation likelihood."
agentic-seo,"Agentic System Architecture","We structure content for agentic AI systems by implementing agent-compatible endpoints, explicit capability declarations, and agent-actionable structured data. Agentic AI systems require clear, unambiguous content structure to execute actions, so we optimize content architecture for maximum agentic AI comprehension and action execution."
agentic-seo,"Agent Surface Design & API Exposure","We design agent surfaces that expose capabilities and booking flows to AI agents. This includes agent-compatible endpoints (RESTful APIs, structured data endpoints, agent-actionable URLs), explicit capability declarations (service descriptions, action definitions, parameter specifications), and agent-actionable structured data (Service schema with offers, LocalBusiness schema with booking, Product schema with availability)."
agentic-seo,"Agent Action Optimization","We optimize content for agent action execution by implementing explicit action definitions, parameter specifications, and agent-actionable structured data. This includes action definition optimization (clear action descriptions, parameter specifications, return value definitions), agent-actionable structured data (Service schema with offers, LocalBusiness schema with booking, Product schema with availability), and agent surface design (agent-compatible endpoints, explicit capability declarations, agent-actionable URLs)."
agentic-seo,"Multi-Agent System Compatibility","We optimize content for multiple agentic AI systems (ChatGPT Actions, Claude Tools, Perplexity Agents, Google AI Actions) by implementing platform-agnostic structured data and content patterns that work across all agentic engines. Each system has unique requirements, so we ensure compatibility across all platforms while maximizing agent action execution likelihood for each system."
ai-citation-optimization,"Citation Signal Engineering","We engineer citation signals that improve how AI systems cite your content. This includes citation anchor implementation, source attribution markers, and citation trust signals. AI systems use citation signals to determine citation likelihood, so we optimize all citation-critical elements to maximize citation frequency and accuracy."
ai-citation-optimization,"Citation Anchor Implementation","We implement citation anchors that AI systems use when generating citations. This includes explicit citation markers (clear source links, verifiable URLs, current information), citation anchor optimization (citation-ready content structure, explicit source attribution, verifiable claims), and citation trust signals (authoritative sources, verifiable URLs, current information). AI systems cite content with strong citation signals more frequently and accurately."
ai-citation-optimization,"Source Attribution & Verification","We optimize source attribution and verification by implementing explicit source links, verifiable URLs, and current information markers. This includes source attribution enhancement (clear source links, verifiable URLs, current information), source verification (source credibility indicators, verifiable URLs, current information), and source trust signals (authoritative sources, verifiable URLs, current information)."
ai-citation-optimization,"Multi-Platform Citation Optimization","We optimize content for citation across multiple AI platforms (ChatGPT, Claude, Perplexity, Google AI Overviews) by implementing platform-agnostic citation signals and content patterns that work across all AI engines. Each system has unique citation requirements, so we ensure compatibility across all platforms while maximizing citation likelihood for each system."
ai-overview-optimization,"AI Overview Signal Engineering","We engineer AI Overview signals that improve how Google AI Overviews includes your content. This includes AI Overview-specific structured data, entity clarity optimization, and AI Overview citation signals. Google AI Overviews uses specific signals to determine content inclusion, so we optimize all AI Overview-critical elements to maximize inclusion likelihood and citation accuracy."
ai-overview-optimization,"AI Overview Structured Data","We implement AI Overview-specific structured data including comprehensive entity definitions, explicit factual statements, and AI Overview citation anchors. This includes entity clarity optimization (explicit entity definitions, clear entity relationships, unambiguous entity references), AI Overview citation signals (citation-ready content structure, explicit source attribution, verifiable claims), and AI Overview structured data (comprehensive JSON-LD, explicit entity definitions, AI Overview-specific markup)."
ai-overview-optimization,"AI Overview Content Optimization","We optimize content for AI Overview inclusion by implementing explicit factual statements, verifiable claims, and AI Overview citation anchors. This includes AI Overview content structure (atomic content blocks, explicit entity definitions, citation-ready factual statements), AI Overview citation signals (explicit source attribution, verifiable URLs, current information), and AI Overview entity clarity (explicit entity definitions, clear entity relationships, unambiguous entity references)."
ai-overview-optimization,"AI Overview Entity Clarity","We optimize entity clarity for AI Overview inclusion by implementing explicit entity definitions, clear entity relationships, and unambiguous entity references. This includes entity definition optimization (explicit entity definitions, clear entity relationships, unambiguous entity references), entity relationship clarity (explicit entity relationships, clear entity hierarchies, unambiguous entity connections), and entity disambiguation (explicit entity disambiguation, clear entity distinctions, unambiguous entity identification)."
ai-overviews-optimization,"AI Overviews Signal Engineering","We engineer AI Overviews signals that improve how Google AI Overviews includes your content. This includes AI Overviews-specific structured data, entity clarity optimization, and AI Overviews citation signals. Google AI Overviews uses specific signals to determine content inclusion, so we optimize all AI Overviews-critical elements to maximize inclusion likelihood and citation accuracy."
ai-overviews-optimization,"AI Overviews Structured Data Implementation","We implement AI Overviews-specific structured data including comprehensive entity definitions, explicit factual statements, and AI Overviews citation anchors. This includes entity clarity optimization (explicit entity definitions, clear entity relationships, unambiguous entity references), AI Overviews citation signals (citation-ready content structure, explicit source attribution, verifiable claims), and AI Overviews structured data (comprehensive JSON-LD, explicit entity definitions, AI Overviews-specific markup)."
ai-overviews-optimization,"AI Overviews Content Architecture","We structure content for AI Overviews inclusion by implementing atomic content blocks, explicit entity definitions, and citation-ready factual statements. AI Overviews requires clear, unambiguous content structure to generate accurate overviews, so we optimize content architecture for maximum AI Overviews comprehension and inclusion likelihood."
ai-overviews-optimization,"AI Overviews Entity & Citation Optimization","We optimize entity clarity and citation signals for AI Overviews inclusion by implementing explicit entity definitions, clear entity relationships, and AI Overviews citation anchors. This includes entity definition optimization (explicit entity definitions, clear entity relationships, unambiguous entity references), citation signal enhancement (explicit source attribution, verifiable URLs, current information), and AI Overviews-specific optimization (AI Overviews-structured data, AI Overviews citation signals, AI Overviews entity clarity)."
ai-search-optimization,"AI Search Signal Engineering","We engineer AI search signals that improve how AI search systems find and rank your content. This includes AI search-specific structured data, entity clarity optimization, and AI search ranking signals. AI search systems use specific signals to determine content relevance and ranking, so we optimize all AI search-critical elements to maximize visibility and ranking position."
ai-search-optimization,"AI Search Structured Data & Entity Optimization","We implement AI search-specific structured data including comprehensive entity definitions, explicit factual statements, and AI search ranking signals. This includes entity clarity optimization (explicit entity definitions, clear entity relationships, unambiguous entity references), AI search ranking signals (relevance markers, authority indicators, trust signals), and AI search structured data (comprehensive JSON-LD, explicit entity definitions, AI search-specific markup)."
ai-search-optimization,"AI Search Content Architecture","We structure content for AI search systems by implementing atomic content blocks, explicit entity definitions, and AI search-optimized content patterns. AI search systems require clear, unambiguous content structure to match queries to content, so we optimize content architecture for maximum AI search comprehension and ranking likelihood."
ai-search-optimization,"Multi-Platform AI Search Optimization","We optimize content for multiple AI search platforms (ChatGPT, Claude, Perplexity, Google AI Overviews, Microsoft Copilot) by implementing platform-agnostic structured data and content patterns that work across all AI search engines. Each system has unique requirements, so we ensure compatibility across all platforms while maximizing visibility and ranking position for each system."
analytics,"AI Visibility Analytics & Measurement","We implement comprehensive AI visibility analytics and measurement systems to track how AI systems find, understand, and cite your content. This includes AI citation tracking (brand mentions, URL accuracy, fact correctness), AI visibility monitoring (AI engine visibility, citation frequency, citation accuracy), and AI performance analytics (citation metrics, visibility trends, performance indicators)."
analytics,"AI Engine Performance Tracking","We track AI engine performance across multiple platforms including ChatGPT, Claude, Perplexity, and Google AI Overviews. This includes citation accuracy tracking (brand mentions, URL accuracy, fact correctness), visibility monitoring (AI engine visibility, citation frequency, citation accuracy), and performance analytics (citation metrics, visibility trends, performance indicators)."
analytics,"AI Citation Analytics & Reporting","We provide comprehensive AI citation analytics and reporting including citation frequency, citation accuracy, and citation trends. This includes citation tracking (brand mentions, URL accuracy, fact correctness), citation analytics (citation frequency, citation accuracy, citation trends), and citation reporting (detailed citation reports, citation trends, citation insights)."
analytics,"AI Visibility Measurement & Optimization","We measure and optimize AI visibility across multiple platforms and provide detailed analytics and insights. This includes visibility measurement (AI engine visibility, citation frequency, citation accuracy), visibility analytics (visibility trends, performance indicators, optimization opportunities), and visibility optimization (optimization recommendations, performance improvements, visibility enhancements)."
authority-optimization-ai,"Authority Signal Engineering","We engineer authority signals that improve how AI systems evaluate and trust your content. This includes authority indicators, credibility markers, and trust signals. AI systems use authority signals to determine content trustworthiness, so we optimize all authority-critical elements to maximize AI system confidence and citation likelihood."
authority-optimization-ai,"Authority Indicator Implementation","We implement authority indicators including author credentials, organization authority, and content authority signals. This includes author authority (author credentials, author expertise, author credibility), organization authority (organization credentials, organization expertise, organization credibility), and content authority (content credibility, content expertise, content trustworthiness)."
authority-optimization-ai,"Credibility & Trust Signal Optimization","We optimize credibility and trust signals by implementing explicit authority markers, credibility indicators, and trust signals. This includes authority signal enhancement (author credentials, organization authority, content authority), credibility optimization (credibility indicators, trust signals, authority markers), and trust signal implementation (trust indicators, credibility markers, authority signals)."
authority-optimization-ai,"Multi-Platform Authority Optimization","We optimize authority signals across multiple AI platforms (ChatGPT, Claude, Perplexity, Google AI Overviews) by implementing platform-agnostic authority indicators and credibility markers that work across all AI engines. Each system has unique authority requirements, so we ensure compatibility across all platforms while maximizing authority recognition and citation likelihood for each system."
b2b-seo-ai,"B2B Entity & Service Optimization","We optimize B2B entities and services for AI systems by implementing comprehensive B2B-specific structured data, explicit service definitions, and B2B entity clarity. This includes B2B entity optimization (explicit B2B entity definitions, clear B2B service relationships, unambiguous B2B entity references), B2B service clarity (explicit B2B service definitions, clear B2B service relationships, unambiguous B2B service references), and B2B structured data (comprehensive B2B JSON-LD, explicit B2B entity definitions, B2B-specific markup)."
b2b-seo-ai,"B2B Content Architecture & Citation Optimization","We structure B2B content for AI systems by implementing atomic B2B content blocks, explicit B2B entity definitions, and B2B citation-ready factual statements. B2B AI systems require clear, unambiguous B2B content structure to generate accurate responses, so we optimize B2B content architecture for maximum B2B AI comprehension and citation likelihood."
b2b-seo-ai,"B2B Service Schema & Entity Mapping","We implement comprehensive B2B service schema and entity mapping including B2B Service schema, B2B Organization schema, and B2B entity relationships. This includes B2B service schema (comprehensive B2B Service JSON-LD, explicit B2B service definitions, B2B service relationships), B2B entity mapping (B2B entity relationships, B2B entity hierarchies, B2B entity disambiguation), and B2B structured data (comprehensive B2B JSON-LD, explicit B2B entity definitions, B2B-specific markup)."
b2b-seo-ai,"B2B AI Platform Optimization","We optimize B2B content for multiple AI platforms (ChatGPT, Claude, Perplexity, Google AI Overviews) by implementing platform-agnostic B2B structured data and content patterns that work across all B2B AI engines. Each system has unique B2B requirements, so we ensure compatibility across all platforms while maximizing B2B citation likelihood for each system."
bard-optimization,"Bard Signal Engineering","We engineer Bard signals that improve how Google Bard includes and cites your content. This includes Bard-specific structured data, entity clarity optimization, and Bard citation signals. Google Bard uses specific signals to determine content inclusion, so we optimize all Bard-critical elements to maximize inclusion likelihood and citation accuracy."
bard-optimization,"Bard Structured Data Implementation","We implement Bard-specific structured data including comprehensive entity definitions, explicit factual statements, and Bard citation anchors. This includes entity clarity optimization (explicit entity definitions, clear entity relationships, unambiguous entity references), Bard citation signals (citation-ready content structure, explicit source attribution, verifiable claims), and Bard structured data (comprehensive JSON-LD, explicit entity definitions, Bard-specific markup)."
bard-optimization,"Bard Content Architecture","We structure content for Bard inclusion by implementing atomic content blocks, explicit entity definitions, and Bard citation-ready factual statements. Bard requires clear, unambiguous content structure to generate accurate responses, so we optimize content architecture for maximum Bard comprehension and citation likelihood."
bard-optimization,"Bard Entity & Citation Optimization","We optimize entity clarity and citation signals for Bard inclusion by implementing explicit entity definitions, clear entity relationships, and Bard citation anchors. This includes entity definition optimization (explicit entity definitions, clear entity relationships, unambiguous entity references), citation signal enhancement (explicit source attribution, verifiable URLs, current information), and Bard-specific optimization (Bard-structured data, Bard citation signals, Bard entity clarity)."
chatgpt-optimization,"ChatGPT Signal Engineering","We engineer ChatGPT signals that improve how ChatGPT includes and cites your content. This includes ChatGPT-specific structured data, entity clarity optimization, and ChatGPT citation signals. ChatGPT uses specific signals to determine content inclusion, so we optimize all ChatGPT-critical elements to maximize inclusion likelihood and citation accuracy."
chatgpt-optimization,"ChatGPT Structured Data Implementation","We implement ChatGPT-specific structured data including comprehensive entity definitions, explicit factual statements, and ChatGPT citation anchors. This includes entity clarity optimization (explicit entity definitions, clear entity relationships, unambiguous entity references), ChatGPT citation signals (citation-ready content structure, explicit source attribution, verifiable claims), and ChatGPT structured data (comprehensive JSON-LD, explicit entity definitions, ChatGPT-specific markup)."
chatgpt-optimization,"ChatGPT Content Architecture","We structure content for ChatGPT inclusion by implementing atomic content blocks, explicit entity definitions, and ChatGPT citation-ready factual statements. ChatGPT requires clear, unambiguous content structure to generate accurate responses, so we optimize content architecture for maximum ChatGPT comprehension and citation likelihood."
chatgpt-optimization,"ChatGPT Entity & Citation Optimization","We optimize entity clarity and citation signals for ChatGPT inclusion by implementing explicit entity definitions, clear entity relationships, and ChatGPT citation anchors. This includes entity definition optimization (explicit entity definitions, clear entity relationships, unambiguous entity references), citation signal enhancement (explicit source attribution, verifiable URLs, current information), and ChatGPT-specific optimization (ChatGPT-structured data, ChatGPT citation signals, ChatGPT entity clarity)."
claude-optimization,"Claude Signal Engineering","We engineer Claude signals that improve how Claude includes and cites your content. This includes Claude-specific structured data, entity clarity optimization, and Claude citation signals. Claude uses specific signals to determine content inclusion, so we optimize all Claude-critical elements to maximize inclusion likelihood and citation accuracy."
claude-optimization,"Claude Structured Data Implementation","We implement Claude-specific structured data including comprehensive entity definitions, explicit factual statements, and Claude citation anchors. This includes entity clarity optimization (explicit entity definitions, clear entity relationships, unambiguous entity references), Claude citation signals (citation-ready content structure, explicit source attribution, verifiable claims), and Claude structured data (comprehensive JSON-LD, explicit entity definitions, Claude-specific markup)."
claude-optimization,"Claude Content Architecture","We structure content for Claude inclusion by implementing atomic content blocks, explicit entity definitions, and Claude citation-ready factual statements. Claude requires clear, unambiguous content structure to generate accurate responses, so we optimize content architecture for maximum Claude comprehension and citation likelihood."
claude-optimization,"Claude Entity & Citation Optimization","We optimize entity clarity and citation signals for Claude inclusion by implementing explicit entity definitions, clear entity relationships, and Claude citation anchors. This includes entity definition optimization (explicit entity definitions, clear entity relationships, unambiguous entity references), citation signal enhancement (explicit source attribution, verifiable URLs, current information), and Claude-specific optimization (Claude-structured data, Claude citation signals, Claude entity clarity)."
competitor-analysis-ai,"AI Competitor Signal Analysis","We analyze competitor AI signals to identify optimization opportunities and competitive advantages. This includes competitor AI visibility analysis (competitor AI citations, competitor AI visibility, competitor AI ranking), competitor signal analysis (competitor structured data, competitor entity clarity, competitor citation signals), and competitive intelligence (competitor insights, optimization opportunities, competitive advantages)."
competitor-analysis-ai,"Competitor AI Visibility Tracking","We track competitor AI visibility across multiple platforms including ChatGPT, Claude, Perplexity, and Google AI Overviews. This includes competitor citation tracking (competitor brand mentions, competitor URL accuracy, competitor fact correctness), competitor visibility monitoring (competitor AI engine visibility, competitor citation frequency, competitor citation accuracy), and competitor performance analytics (competitor citation metrics, competitor visibility trends, competitor performance indicators)."
competitor-analysis-ai,"Competitive Signal Optimization","We optimize your AI signals based on competitor analysis to identify optimization opportunities and competitive advantages. This includes competitive signal analysis (competitor structured data, competitor entity clarity, competitor citation signals), optimization opportunity identification (optimization gaps, competitive advantages, improvement opportunities), and competitive intelligence (competitor insights, optimization recommendations, competitive strategies)."
competitor-analysis-ai,"AI Competitive Intelligence & Strategy","We provide comprehensive AI competitive intelligence and strategy including competitor analysis, optimization opportunities, and competitive advantages. This includes competitor analysis (competitor AI visibility, competitor AI citations, competitor AI ranking), competitive intelligence (competitor insights, optimization opportunities, competitive advantages), and competitive strategy (optimization recommendations, competitive strategies, performance improvements)."
completeness-optimization-ai,"Completeness Signal Engineering","We engineer completeness signals that improve how AI systems evaluate and trust your content. This includes completeness indicators, comprehensive content markers, and completeness validation patterns. AI systems use completeness signals to determine content trustworthiness, so we optimize all completeness-critical elements to maximize AI system confidence and citation likelihood."
completeness-optimization-ai,"Content Completeness Optimization","We optimize content completeness by implementing comprehensive content coverage, explicit completeness markers, and completeness validation. This includes content coverage optimization (comprehensive content coverage, explicit content completeness, content depth indicators), completeness signal enhancement (completeness markers, comprehensive content indicators, completeness validation), and completeness validation (content completeness checks, completeness verification, completeness reporting)."
completeness-optimization-ai,"Completeness Validation & Reporting","We implement comprehensive completeness validation and reporting systems including content completeness checks, completeness verification, and completeness reporting. This includes completeness validation (content completeness checks, completeness verification, completeness reporting), completeness analytics (completeness metrics, completeness trends, completeness insights), and completeness optimization (completeness improvements, completeness enhancements, completeness recommendations)."
completeness-optimization-ai,"AI System Completeness Alignment","We align content with AI system completeness requirements including comprehensive content coverage, explicit completeness markers, and completeness validation. AI systems prioritize certain completeness factors—content coverage (comprehensive content, explicit completeness, content depth), completeness indicators (completeness markers, comprehensive content indicators, completeness validation), and completeness trust (completeness verification, completeness reporting, completeness confidence). We ensure your content maximizes all completeness-critical factors to improve AI system confidence and citation likelihood."
content-optimization-ai,"AI Content Architecture & Structure","We structure content for AI systems by implementing atomic content blocks, explicit entity definitions, and AI citation-ready factual statements. AI systems require clear, unambiguous content structure to generate accurate responses, so we optimize content architecture for maximum AI comprehension and citation likelihood."
content-optimization-ai,"AI Content Optimization & Citation Signals","We optimize content for AI citation by implementing explicit factual statements, verifiable claims, and citation anchors that AI systems use when generating responses. This includes structured fact extraction (explicit 'X is Y' statements, verifiable data points, source attribution), citation anchor implementation (clear source links, verifiable URLs, current information), and content formatting optimized for AI parsing and citation (atomic paragraphs, explicit definitions, clear hierarchies)."
content-optimization-ai,"AI Content Entity Clarity","We optimize content entity clarity for AI systems by implementing explicit entity definitions, clear entity relationships, and unambiguous entity references. This includes entity definition optimization (explicit entity definitions, clear entity relationships, unambiguous entity references), entity relationship clarity (explicit entity relationships, clear entity hierarchies, unambiguous entity connections), and entity disambiguation (explicit entity disambiguation, clear entity distinctions, unambiguous entity identification)."
content-optimization-ai,"Multi-Platform AI Content Optimization","We optimize content for multiple AI platforms (ChatGPT, Claude, Perplexity, Google AI Overviews) by implementing platform-agnostic content patterns and structured data that work across all AI engines. Each system has unique content requirements, so we ensure compatibility across all platforms while maximizing citation likelihood for each system."
contextual-seo-ai,"Contextual Signal Engineering","We engineer contextual signals that improve how AI systems understand and rank your content within specific contexts. This includes contextual relevance markers, context-aware entity definitions, and contextual ranking signals. AI systems use contextual signals to determine content relevance within specific contexts, so we optimize all contextual-critical elements to maximize contextual relevance and ranking position."
contextual-seo-ai,"Contextual Entity & Content Optimization","We optimize contextual entities and content by implementing context-aware entity definitions, contextual content structure, and contextual relevance signals. This includes contextual entity optimization (context-aware entity definitions, contextual entity relationships, context-specific entity references), contextual content structure (context-aware content blocks, contextual content organization, context-specific content patterns), and contextual relevance signals (contextual relevance markers, context-aware ranking signals, context-specific optimization)."
contextual-seo-ai,"Context-Aware Structured Data","We implement context-aware structured data including contextual entity definitions, context-specific structured data, and contextual relevance markers. This includes contextual structured data (context-aware JSON-LD, contextual entity definitions, context-specific markup), contextual entity optimization (context-aware entity definitions, contextual entity relationships, context-specific entity references), and contextual relevance signals (contextual relevance markers, context-aware ranking signals, context-specific optimization)."
contextual-seo-ai,"Multi-Context AI Optimization","We optimize content for multiple contexts and AI platforms by implementing context-aware structured data and content patterns that work across different contexts and AI engines. Each context and system has unique requirements, so we ensure compatibility across all contexts and platforms while maximizing contextual relevance and ranking position for each context and system."
conversational-seo-ai,"Conversational Signal Engineering","We engineer conversational signals that improve how AI systems understand and respond to conversational queries. This includes conversational query patterns, conversational content structure, and conversational response optimization. AI systems use conversational signals to determine content relevance for conversational queries, so we optimize all conversational-critical elements to maximize conversational relevance and response accuracy."
conversational-seo-ai,"Conversational Content Architecture","We structure content for conversational AI systems by implementing conversational content blocks, explicit conversational entity definitions, and conversational response patterns. Conversational AI systems require clear, unambiguous conversational content structure to generate accurate responses, so we optimize conversational content architecture for maximum conversational AI comprehension and response accuracy."
conversational-seo-ai,"Conversational Query & Response Optimization","We optimize content for conversational queries and responses by implementing conversational query patterns, conversational content structure, and conversational response optimization. This includes conversational query analysis (conversational query patterns, conversational intent classification, conversational query-entity matching), conversational content structure (conversational content blocks, conversational content organization, conversational content patterns), and conversational response optimization (conversational response patterns, conversational response structure, conversational response accuracy)."
conversational-seo-ai,"Multi-Platform Conversational Optimization","We optimize content for multiple conversational AI platforms (ChatGPT, Claude, Perplexity, Google AI Overviews) by implementing platform-agnostic conversational content patterns and structured data that work across all conversational AI engines. Each system has unique conversational requirements, so we ensure compatibility across all platforms while maximizing conversational relevance and response accuracy for each system."
conversion-optimization-ai,"AI Conversion Signal Engineering","We engineer AI conversion signals that improve how AI systems drive conversions through your content. This includes conversion-optimized structured data, conversion-focused entity definitions, and conversion signal optimization. AI systems use conversion signals to determine content conversion potential, so we optimize all conversion-critical elements to maximize conversion likelihood and conversion rate."
conversion-optimization-ai,"Conversion-Optimized Content Architecture","We structure content for AI conversion optimization by implementing conversion-optimized content blocks, explicit conversion-focused entity definitions, and conversion-ready content patterns. AI conversion systems require clear, unambiguous conversion-optimized content structure to drive conversions, so we optimize conversion content architecture for maximum AI conversion comprehension and conversion likelihood."
conversion-optimization-ai,"Conversion Signal Optimization","We optimize conversion signals by implementing conversion-optimized structured data, conversion-focused entity definitions, and conversion signal enhancement. This includes conversion structured data (conversion-optimized JSON-LD, conversion-focused entity definitions, conversion-specific markup), conversion entity optimization (conversion-focused entity definitions, conversion entity relationships, conversion-specific entity references), and conversion signal enhancement (conversion signals, conversion markers, conversion optimization)."
conversion-optimization-ai,"Multi-Platform AI Conversion Optimization","We optimize content for AI conversion across multiple platforms (ChatGPT, Claude, Perplexity, Google AI Overviews) by implementing platform-agnostic conversion-optimized content patterns and structured data that work across all AI conversion engines. Each system has unique conversion requirements, so we ensure compatibility across all platforms while maximizing conversion likelihood and conversion rate for each system."
copilot-optimization,"Copilot Signal Engineering","We engineer Copilot signals that improve how Microsoft Copilot includes and cites your content. This includes Copilot-specific structured data, entity clarity optimization, and Copilot citation signals. Microsoft Copilot uses specific signals to determine content inclusion, so we optimize all Copilot-critical elements to maximize inclusion likelihood and citation accuracy."
copilot-optimization,"Copilot Structured Data Implementation","We implement Copilot-specific structured data including comprehensive entity definitions, explicit factual statements, and Copilot citation anchors. This includes entity clarity optimization (explicit entity definitions, clear entity relationships, unambiguous entity references), Copilot citation signals (citation-ready content structure, explicit source attribution, verifiable claims), and Copilot structured data (comprehensive JSON-LD, explicit entity definitions, Copilot-specific markup)."
copilot-optimization,"Copilot Content Architecture","We structure content for Copilot inclusion by implementing atomic content blocks, explicit entity definitions, and Copilot citation-ready factual statements. Copilot requires clear, unambiguous content structure to generate accurate responses, so we optimize content architecture for maximum Copilot comprehension and citation likelihood."
copilot-optimization,"Copilot Entity & Citation Optimization","We optimize entity clarity and citation signals for Copilot inclusion by implementing explicit entity definitions, clear entity relationships, and Copilot citation anchors. This includes entity definition optimization (explicit entity definitions, clear entity relationships, unambiguous entity references), citation signal enhancement (explicit source attribution, verifiable URLs, current information), and Copilot-specific optimization (Copilot-structured data, Copilot citation signals, Copilot entity clarity)."
ecommerce-ai-seo,"E-commerce Entity & Product Optimization","We optimize e-commerce entities and products for AI systems by implementing comprehensive e-commerce-specific structured data, explicit product definitions, and e-commerce entity clarity. This includes e-commerce entity optimization (explicit e-commerce entity definitions, clear e-commerce product relationships, unambiguous e-commerce entity references), e-commerce product clarity (explicit product definitions, clear product relationships, unambiguous product references), and e-commerce structured data (comprehensive e-commerce JSON-LD, explicit e-commerce entity definitions, e-commerce-specific markup)."
ecommerce-ai-seo,"E-commerce Content Architecture & Citation Optimization","We structure e-commerce content for AI systems by implementing atomic e-commerce content blocks, explicit e-commerce entity definitions, and e-commerce citation-ready factual statements. E-commerce AI systems require clear, unambiguous e-commerce content structure to generate accurate responses, so we optimize e-commerce content architecture for maximum e-commerce AI comprehension and citation likelihood."
ecommerce-ai-seo,"E-commerce Product Schema & Entity Mapping","We implement comprehensive e-commerce product schema and entity mapping including Product schema, Brand schema, and e-commerce entity relationships. This includes e-commerce product schema (comprehensive Product JSON-LD, explicit product definitions, product relationships), e-commerce entity mapping (e-commerce entity relationships, e-commerce entity hierarchies, e-commerce entity disambiguation), and e-commerce structured data (comprehensive e-commerce JSON-LD, explicit e-commerce entity definitions, e-commerce-specific markup)."
ecommerce-ai-seo,"E-commerce AI Platform Optimization","We optimize e-commerce content for multiple AI platforms (ChatGPT, Claude, Perplexity, Google AI Overviews) by implementing platform-agnostic e-commerce structured data and content patterns that work across all e-commerce AI engines. Each system has unique e-commerce requirements, so we ensure compatibility across all platforms while maximizing e-commerce citation likelihood for each system."
entity-optimization-ai,"Entity Signal Engineering","We engineer entity signals that improve how AI systems understand and cite your entities. This includes entity clarity optimization, explicit entity definitions, and entity relationship mapping. AI systems use entity signals to determine entity understanding and citation likelihood, so we optimize all entity-critical elements to maximize entity comprehension and citation accuracy."
entity-optimization-ai,"Entity Definition & Clarity Optimization","We optimize entity definitions and clarity by implementing explicit entity definitions, clear entity relationships, and unambiguous entity references. This includes entity definition optimization (explicit entity definitions, clear entity relationships, unambiguous entity references), entity relationship clarity (explicit entity relationships, clear entity hierarchies, unambiguous entity connections), and entity disambiguation (explicit entity disambiguation, clear entity distinctions, unambiguous entity identification)."
entity-optimization-ai,"Entity Graph & Relationship Mapping","We implement comprehensive entity graph and relationship mapping including entity relationships, entity hierarchies, and entity disambiguation. This includes entity graph optimization (entity relationships, entity hierarchies, entity disambiguation), entity relationship mapping (explicit entity relationships, clear entity hierarchies, unambiguous entity connections), and entity structured data (comprehensive entity JSON-LD, explicit entity definitions, entity-specific markup)."
entity-optimization-ai,"Multi-Platform Entity Optimization","We optimize entities across multiple AI platforms (ChatGPT, Claude, Perplexity, Google AI Overviews) by implementing platform-agnostic entity definitions and structured data that work across all AI engines. Each system has unique entity requirements, so we ensure compatibility across all platforms while maximizing entity comprehension and citation accuracy for each system."
explainability-optimization-ai,"Explainability Signal Engineering","We engineer explainability signals that improve how AI systems explain and justify your content. This includes explainability indicators, transparency markers, and explainability validation patterns. AI systems use explainability signals to determine content explainability and trustworthiness, so we optimize all explainability-critical elements to maximize AI system confidence and citation likelihood."
explainability-optimization-ai,"Explainability & Transparency Optimization","We optimize explainability and transparency by implementing explicit explainability markers, transparency indicators, and explainability validation. This includes explainability signal enhancement (explainability markers, transparency indicators, explainability validation), explainability optimization (explicit explainability, clear explanations, transparent reasoning), and explainability validation (explainability checks, explainability verification, explainability reporting)."
explainability-optimization-ai,"Explainability Validation & Reporting","We implement comprehensive explainability validation and reporting systems including explainability checks, explainability verification, and explainability reporting. This includes explainability validation (explainability checks, explainability verification, explainability reporting), explainability analytics (explainability metrics, explainability trends, explainability insights), and explainability optimization (explainability improvements, explainability enhancements, explainability recommendations)."
explainability-optimization-ai,"AI System Explainability Alignment","We align content with AI system explainability requirements including explicit explainability markers, transparency indicators, and explainability validation. AI systems prioritize certain explainability factors—explainability clarity (explicit explanations, clear reasoning, transparent logic), explainability indicators (explainability markers, transparency indicators, explainability validation), and explainability trust (explainability verification, explainability reporting, explainability confidence). We ensure your content maximizes all explainability-critical factors to improve AI system confidence and citation likelihood."
intent-optimization-ai,"Intent Signal Engineering","We engineer intent signals that improve how AI systems understand and match user intent to your content. This includes intent classification markers, intent-aligned content structure, and intent matching optimization. AI systems use intent signals to determine content relevance for specific user intents, so we optimize all intent-critical elements to maximize intent matching and ranking position."
intent-optimization-ai,"Intent Classification & Alignment","We optimize intent classification and alignment by implementing explicit intent markers, intent-aligned content structure, and intent matching optimization. This includes intent classification (explicit intent markers, intent classification, intent alignment), intent-aligned content (intent-aligned content structure, intent-specific content patterns, intent-optimized content), and intent matching (intent matching optimization, intent relevance signals, intent ranking factors)."
intent-optimization-ai,"Intent-Optimized Content Architecture","We structure content for intent optimization by implementing intent-aligned content blocks, explicit intent markers, and intent-optimized content patterns. Intent-optimized AI systems require clear, unambiguous intent-aligned content structure to match user intents, so we optimize intent content architecture for maximum intent matching and ranking position."
intent-optimization-ai,"Multi-Intent AI Optimization","We optimize content for multiple user intents and AI platforms by implementing intent-aligned structured data and content patterns that work across different intents and AI engines. Each intent and system has unique requirements, so we ensure compatibility across all intents and platforms while maximizing intent matching and ranking position for each intent and system."
knowledge-graph,"Knowledge Graph Signal Engineering","We engineer Knowledge Graph signals that improve how Google Knowledge Graph includes and represents your entities. This includes Knowledge Graph-specific structured data, entity clarity optimization, and Knowledge Graph entity signals. Google Knowledge Graph uses specific signals to determine entity inclusion, so we optimize all Knowledge Graph-critical elements to maximize entity inclusion and representation accuracy."
knowledge-graph,"Knowledge Graph Entity Optimization","We optimize entities for Knowledge Graph inclusion by implementing explicit entity definitions, clear entity relationships, and Knowledge Graph entity signals. This includes entity definition optimization (explicit entity definitions, clear entity relationships, unambiguous entity references), Knowledge Graph entity signals (Knowledge Graph-specific structured data, Knowledge Graph entity relationships, Knowledge Graph entity clarity), and Knowledge Graph structured data (comprehensive Knowledge Graph JSON-LD, explicit Knowledge Graph entity definitions, Knowledge Graph-specific markup)."
knowledge-graph,"Knowledge Graph Structured Data Implementation","We implement Knowledge Graph-specific structured data including comprehensive entity definitions, explicit entity relationships, and Knowledge Graph entity signals. This includes Knowledge Graph structured data (comprehensive Knowledge Graph JSON-LD, explicit Knowledge Graph entity definitions, Knowledge Graph-specific markup), Knowledge Graph entity optimization (explicit Knowledge Graph entity definitions, clear Knowledge Graph entity relationships, unambiguous Knowledge Graph entity references), and Knowledge Graph entity signals (Knowledge Graph-specific structured data, Knowledge Graph entity relationships, Knowledge Graph entity clarity)."
knowledge-graph,"Knowledge Graph Entity & Relationship Mapping","We implement comprehensive Knowledge Graph entity and relationship mapping including Knowledge Graph entity relationships, Knowledge Graph entity hierarchies, and Knowledge Graph entity disambiguation. This includes Knowledge Graph entity mapping (Knowledge Graph entity relationships, Knowledge Graph entity hierarchies, Knowledge Graph entity disambiguation), Knowledge Graph entity optimization (explicit Knowledge Graph entity definitions, clear Knowledge Graph entity relationships, unambiguous Knowledge Graph entity references), and Knowledge Graph structured data (comprehensive Knowledge Graph JSON-LD, explicit Knowledge Graph entity definitions, Knowledge Graph-specific markup)."
knowledge-graph-ai,"Knowledge Graph AI Signal Engineering","We engineer Knowledge Graph AI signals that improve how AI systems understand and represent your entities in knowledge graphs. This includes Knowledge Graph AI-specific structured data, entity clarity optimization, and Knowledge Graph AI entity signals. AI knowledge graph systems use specific signals to determine entity inclusion, so we optimize all Knowledge Graph AI-critical elements to maximize entity inclusion and representation accuracy."
knowledge-graph-ai,"Knowledge Graph AI Entity Optimization","We optimize entities for Knowledge Graph AI inclusion by implementing explicit entity definitions, clear entity relationships, and Knowledge Graph AI entity signals. This includes entity definition optimization (explicit entity definitions, clear entity relationships, unambiguous entity references), Knowledge Graph AI entity signals (Knowledge Graph AI-specific structured data, Knowledge Graph AI entity relationships, Knowledge Graph AI entity clarity), and Knowledge Graph AI structured data (comprehensive Knowledge Graph AI JSON-LD, explicit Knowledge Graph AI entity definitions, Knowledge Graph AI-specific markup)."
knowledge-graph-ai,"Knowledge Graph AI Structured Data Implementation","We implement Knowledge Graph AI-specific structured data including comprehensive entity definitions, explicit entity relationships, and Knowledge Graph AI entity signals. This includes Knowledge Graph AI structured data (comprehensive Knowledge Graph AI JSON-LD, explicit Knowledge Graph AI entity definitions, Knowledge Graph AI-specific markup), Knowledge Graph AI entity optimization (explicit Knowledge Graph AI entity definitions, clear Knowledge Graph AI entity relationships, unambiguous Knowledge Graph AI entity references), and Knowledge Graph AI entity signals (Knowledge Graph AI-specific structured data, Knowledge Graph AI entity relationships, Knowledge Graph AI entity clarity)."
knowledge-graph-ai,"Multi-Platform Knowledge Graph AI Optimization","We optimize entities for Knowledge Graph AI across multiple AI platforms (ChatGPT, Claude, Perplexity, Google AI Overviews) by implementing platform-agnostic Knowledge Graph AI structured data and entity definitions that work across all AI knowledge graph engines. Each system has unique Knowledge Graph AI requirements, so we ensure compatibility across all platforms while maximizing entity inclusion and representation accuracy for each system."
link-building-ai,"AI Link Signal Engineering","We engineer AI link signals that improve how AI systems understand and value your link profile. This includes AI link quality indicators, link authority markers, and AI link trust signals. AI systems use link signals to determine content authority and trustworthiness, so we optimize all AI link-critical elements to maximize link authority and citation likelihood."
link-building-ai,"AI Link Quality & Authority Optimization","We optimize AI link quality and authority by implementing high-quality link acquisition, link authority markers, and AI link trust signals. This includes link quality optimization (high-quality link acquisition, relevant link sources, authoritative link targets), link authority enhancement (link authority markers, link trust signals, link credibility indicators), and AI link signals (AI link quality indicators, AI link authority markers, AI link trust signals)."
link-building-ai,"AI Link Profile & Trust Signals","We implement comprehensive AI link profile and trust signal optimization including link profile analysis, link trust signals, and AI link authority markers. This includes link profile optimization (comprehensive link profile, relevant link sources, authoritative link targets), link trust signals (link trust indicators, link credibility markers, link authority signals), and AI link signals (AI link quality indicators, AI link authority markers, AI link trust signals)."
link-building-ai,"Multi-Platform AI Link Optimization","We optimize links for AI systems across multiple platforms (ChatGPT, Claude, Perplexity, Google AI Overviews) by implementing platform-agnostic link quality indicators and authority markers that work across all AI engines. Each system has unique link requirements, so we ensure compatibility across all platforms while maximizing link authority and citation likelihood for each system."
llm-content-strategy,"LLM Content Strategy & Architecture","We develop comprehensive LLM content strategies and architectures that optimize content for LLM systems. This includes LLM content planning (LLM content strategy, LLM content architecture, LLM content optimization), LLM content structure (atomic LLM content blocks, explicit LLM entity definitions, LLM citation-ready factual statements), and LLM content optimization (LLM content formatting, LLM citation signals, LLM entity clarity)."
llm-content-strategy,"LLM Content Optimization & Citation Signals","We optimize LLM content for citation by implementing explicit factual statements, verifiable claims, and LLM citation anchors. This includes LLM content optimization (explicit factual statements, verifiable claims, LLM citation anchors), LLM citation signals (explicit source attribution, verifiable URLs, current information), and LLM content formatting (atomic paragraphs, explicit definitions, clear hierarchies optimized for LLM parsing and citation)."
llm-content-strategy,"LLM Content Entity & Structure Optimization","We optimize LLM content entities and structure by implementing explicit LLM entity definitions, clear LLM entity relationships, and LLM content structure optimization. This includes LLM entity optimization (explicit LLM entity definitions, clear LLM entity relationships, unambiguous LLM entity references), LLM content structure (atomic LLM content blocks, explicit LLM entity definitions, LLM citation-ready factual statements), and LLM content formatting (LLM-optimized content formatting, LLM citation signals, LLM entity clarity)."
llm-content-strategy,"Multi-LLM Platform Content Strategy","We develop content strategies for multiple LLM platforms (ChatGPT, Claude, Perplexity, Google AI Overviews) by implementing platform-agnostic LLM content patterns and structured data that work across all LLM engines. Each system has unique LLM content requirements, so we ensure compatibility across all platforms while maximizing citation likelihood for each system."
local-seo-ai,"Local AI Signal Engineering","We engineer local AI signals that improve how AI systems understand and cite your local business. This includes local entity optimization, location-anchored structured data, and local AI citation signals. Local AI systems use specific signals to determine local business understanding and citation likelihood, so we optimize all local AI-critical elements to maximize local entity comprehension and citation accuracy."
local-seo-ai,"Local Entity & Location Optimization","We optimize local entities and locations by implementing explicit local entity definitions, clear location signals, and local AI entity clarity. This includes local entity optimization (explicit local entity definitions, clear local entity relationships, unambiguous local entity references), location signal enhancement (location-anchored structured data, geo coordinates, location-specific entity references), and local AI entity clarity (local AI-specific structured data, local AI entity relationships, local AI entity clarity)."
local-seo-ai,"Local Business Schema & Entity Mapping","We implement comprehensive local business schema and entity mapping including LocalBusiness schema, Place schema, and local entity relationships. This includes local business schema (comprehensive LocalBusiness JSON-LD, explicit local business definitions, local business relationships), local entity mapping (local entity relationships, local entity hierarchies, local entity disambiguation), and local structured data (comprehensive local JSON-LD, explicit local entity definitions, local-specific markup)."
local-seo-ai,"Multi-Platform Local AI Optimization","We optimize local content for multiple AI platforms (ChatGPT, Claude, Perplexity, Google AI Overviews) by implementing platform-agnostic local structured data and content patterns that work across all local AI engines. Each system has unique local requirements, so we ensure compatibility across all platforms while maximizing local citation likelihood for each system."
metadata-optimization-ai,"Metadata Signal Engineering","We engineer metadata signals that improve how AI systems understand and rank your content. This includes metadata optimization, explicit metadata definitions, and metadata clarity enhancement. AI systems use metadata signals to determine content understanding and ranking, so we optimize all metadata-critical elements to maximize metadata comprehension and ranking position."
metadata-optimization-ai,"Metadata Optimization & Clarity Enhancement","We optimize metadata by implementing explicit metadata definitions, clear metadata relationships, and metadata clarity enhancement. This includes metadata definition optimization (explicit metadata definitions, clear metadata relationships, unambiguous metadata references), metadata clarity enhancement (metadata clarity markers, metadata relationship clarity, metadata disambiguation), and metadata structured data (comprehensive metadata JSON-LD, explicit metadata definitions, metadata-specific markup)."
metadata-optimization-ai,"AI Metadata Structured Data Implementation","We implement AI metadata-specific structured data including comprehensive metadata definitions, explicit metadata relationships, and AI metadata signals. This includes AI metadata structured data (comprehensive AI metadata JSON-LD, explicit AI metadata definitions, AI metadata-specific markup), AI metadata optimization (explicit AI metadata definitions, clear AI metadata relationships, unambiguous AI metadata references), and AI metadata signals (AI metadata-specific structured data, AI metadata relationships, AI metadata clarity)."
metadata-optimization-ai,"Multi-Platform AI Metadata Optimization","We optimize metadata for multiple AI platforms (ChatGPT, Claude, Perplexity, Google AI Overviews) by implementing platform-agnostic AI metadata structured data and definitions that work across all AI engines. Each system has unique metadata requirements, so we ensure compatibility across all platforms while maximizing metadata comprehension and ranking position for each system."
multimodal-seo-ai,"Multimodal Signal Engineering","We engineer multimodal signals that improve how AI systems understand and process your multimodal content. This includes multimodal content optimization, explicit multimodal entity definitions, and multimodal AI signals. Multimodal AI systems use specific signals to determine multimodal content understanding, so we optimize all multimodal-critical elements to maximize multimodal comprehension and processing accuracy."
multimodal-seo-ai,"Multimodal Content Architecture & Optimization","We structure multimodal content for AI systems by implementing atomic multimodal content blocks, explicit multimodal entity definitions, and multimodal citation-ready content patterns. Multimodal AI systems require clear, unambiguous multimodal content structure to process multimodal content accurately, so we optimize multimodal content architecture for maximum multimodal AI comprehension and processing accuracy."
multimodal-seo-ai,"Multimodal Structured Data Implementation","We implement multimodal-specific structured data including comprehensive multimodal entity definitions, explicit multimodal relationships, and multimodal AI signals. This includes multimodal structured data (comprehensive multimodal JSON-LD, explicit multimodal entity definitions, multimodal-specific markup), multimodal entity optimization (explicit multimodal entity definitions, clear multimodal entity relationships, unambiguous multimodal entity references), and multimodal AI signals (multimodal-specific structured data, multimodal entity relationships, multimodal entity clarity)."
multimodal-seo-ai,"Multi-Platform Multimodal AI Optimization","We optimize multimodal content for multiple AI platforms (ChatGPT, Claude, Perplexity, Google AI Overviews) by implementing platform-agnostic multimodal structured data and content patterns that work across all multimodal AI engines. Each system has unique multimodal requirements, so we ensure compatibility across all platforms while maximizing multimodal comprehension and processing accuracy for each system."
perplexity-optimization,"Perplexity Signal Engineering","We engineer Perplexity signals that improve how Perplexity includes and cites your content. This includes Perplexity-specific structured data, entity clarity optimization, and Perplexity citation signals. Perplexity uses specific signals to determine content inclusion, so we optimize all Perplexity-critical elements to maximize inclusion likelihood and citation accuracy."
perplexity-optimization,"Perplexity Structured Data Implementation","We implement Perplexity-specific structured data including comprehensive entity definitions, explicit factual statements, and Perplexity citation anchors. This includes entity clarity optimization (explicit entity definitions, clear entity relationships, unambiguous entity references), Perplexity citation signals (citation-ready content structure, explicit source attribution, verifiable claims), and Perplexity structured data (comprehensive JSON-LD, explicit entity definitions, Perplexity-specific markup)."
perplexity-optimization,"Perplexity Content Architecture","We structure content for Perplexity inclusion by implementing atomic content blocks, explicit entity definitions, and Perplexity citation-ready factual statements. Perplexity requires clear, unambiguous content structure to generate accurate responses, so we optimize content architecture for maximum Perplexity comprehension and citation likelihood."
perplexity-optimization,"Perplexity Entity & Citation Optimization","We optimize entity clarity and citation signals for Perplexity inclusion by implementing explicit entity definitions, clear entity relationships, and Perplexity citation anchors. This includes entity definition optimization (explicit entity definitions, clear entity relationships, unambiguous entity references), citation signal enhancement (explicit source attribution, verifiable URLs, current information), and Perplexity-specific optimization (Perplexity-structured data, Perplexity citation signals, Perplexity entity clarity)."
personalization-ai,"Personalization Signal Engineering","We engineer personalization signals that improve how AI systems personalize content for individual users. This includes personalization indicators, user-specific content optimization, and personalization AI signals. Personalization AI systems use specific signals to determine content personalization, so we optimize all personalization-critical elements to maximize personalization accuracy and user relevance."
personalization-ai,"Personalization Content Architecture","We structure content for personalization AI systems by implementing personalization-optimized content blocks, explicit personalization entity definitions, and personalization-ready content patterns. Personalization AI systems require clear, unambiguous personalization-optimized content structure to personalize content accurately, so we optimize personalization content architecture for maximum personalization AI comprehension and personalization accuracy."
personalization-ai,"Personalization Structured Data Implementation","We implement personalization-specific structured data including comprehensive personalization entity definitions, explicit personalization relationships, and personalization AI signals. This includes personalization structured data (comprehensive personalization JSON-LD, explicit personalization entity definitions, personalization-specific markup), personalization entity optimization (explicit personalization entity definitions, clear personalization entity relationships, unambiguous personalization entity references), and personalization AI signals (personalization-specific structured data, personalization entity relationships, personalization entity clarity)."
personalization-ai,"Multi-Platform Personalization AI Optimization","We optimize content for personalization AI across multiple platforms (ChatGPT, Claude, Perplexity, Google AI Overviews) by implementing platform-agnostic personalization structured data and content patterns that work across all personalization AI engines. Each system has unique personalization requirements, so we ensure compatibility across all platforms while maximizing personalization accuracy and user relevance for each system."
ranking-optimization-ai,"Ranking Signal Engineering","We engineer ranking signals that improve how AI systems rank your content. This includes ranking factor optimization, explicit ranking signals, and ranking AI signals. AI ranking systems use specific signals to determine content ranking, so we optimize all ranking-critical elements to maximize ranking position and visibility."
ranking-optimization-ai,"Ranking Factor Optimization & Alignment","We optimize ranking factors by implementing explicit ranking signals, ranking factor alignment, and ranking AI signals. This includes ranking factor optimization (explicit ranking signals, ranking factor alignment, ranking AI signals), ranking signal enhancement (ranking markers, ranking indicators, ranking optimization), and ranking structured data (comprehensive ranking JSON-LD, explicit ranking entity definitions, ranking-specific markup)."
ranking-optimization-ai,"AI Ranking Content Architecture","We structure content for AI ranking systems by implementing ranking-optimized content blocks, explicit ranking entity definitions, and ranking-ready content patterns. AI ranking systems require clear, unambiguous ranking-optimized content structure to rank content accurately, so we optimize ranking content architecture for maximum AI ranking comprehension and ranking position."
ranking-optimization-ai,"Multi-Platform AI Ranking Optimization","We optimize content for AI ranking across multiple platforms (ChatGPT, Claude, Perplexity, Google AI Overviews) by implementing platform-agnostic ranking structured data and content patterns that work across all AI ranking engines. Each system has unique ranking requirements, so we ensure compatibility across all platforms while maximizing ranking position and visibility for each system."
recommendation-ai,"Recommendation Signal Engineering","We engineer recommendation signals that improve how AI systems recommend your content. This includes recommendation indicators, recommendation-focused content optimization, and recommendation AI signals. Recommendation AI systems use specific signals to determine content recommendation, so we optimize all recommendation-critical elements to maximize recommendation likelihood and user engagement."
recommendation-ai,"Recommendation Content Architecture","We structure content for recommendation AI systems by implementing recommendation-optimized content blocks, explicit recommendation entity definitions, and recommendation-ready content patterns. Recommendation AI systems require clear, unambiguous recommendation-optimized content structure to recommend content accurately, so we optimize recommendation content architecture for maximum recommendation AI comprehension and recommendation likelihood."
recommendation-ai,"Recommendation Structured Data Implementation","We implement recommendation-specific structured data including comprehensive recommendation entity definitions, explicit recommendation relationships, and recommendation AI signals. This includes recommendation structured data (comprehensive recommendation JSON-LD, explicit recommendation entity definitions, recommendation-specific markup), recommendation entity optimization (explicit recommendation entity definitions, clear recommendation entity relationships, unambiguous recommendation entity references), and recommendation AI signals (recommendation-specific structured data, recommendation entity relationships, recommendation entity clarity)."
recommendation-ai,"Multi-Platform Recommendation AI Optimization","We optimize content for recommendation AI across multiple platforms (ChatGPT, Claude, Perplexity, Google AI Overviews) by implementing platform-agnostic recommendation structured data and content patterns that work across all recommendation AI engines. Each system has unique recommendation requirements, so we ensure compatibility across all platforms while maximizing recommendation likelihood and user engagement for each system."
relevance-optimization-ai,"Relevance Signal Engineering","We engineer relevance signals that improve how AI systems determine content relevance. This includes relevance indicators, relevance-focused content optimization, and relevance AI signals. AI relevance systems use specific signals to determine content relevance, so we optimize all relevance-critical elements to maximize relevance accuracy and ranking position."
relevance-optimization-ai,"Relevance Content Architecture","We structure content for relevance AI systems by implementing relevance-optimized content blocks, explicit relevance entity definitions, and relevance-ready content patterns. Relevance AI systems require clear, unambiguous relevance-optimized content structure to determine relevance accurately, so we optimize relevance content architecture for maximum relevance AI comprehension and relevance accuracy."
relevance-optimization-ai,"Relevance Structured Data Implementation","We implement relevance-specific structured data including comprehensive relevance entity definitions, explicit relevance relationships, and relevance AI signals. This includes relevance structured data (comprehensive relevance JSON-LD, explicit relevance entity definitions, relevance-specific markup), relevance entity optimization (explicit relevance entity definitions, clear relevance entity relationships, unambiguous relevance entity references), and relevance AI signals (relevance-specific structured data, relevance entity relationships, relevance entity clarity)."
relevance-optimization-ai,"Multi-Platform Relevance AI Optimization","We optimize content for relevance AI across multiple platforms (ChatGPT, Claude, Perplexity, Google AI Overviews) by implementing platform-agnostic relevance structured data and content patterns that work across all relevance AI engines. Each system has unique relevance requirements, so we ensure compatibility across all platforms while maximizing relevance accuracy and ranking position for each system."
schema-markup-ai,"Schema Markup Signal Engineering","We engineer schema markup signals that improve how AI systems understand and process your structured data. This includes schema markup optimization, explicit schema definitions, and schema AI signals. AI schema systems use specific signals to determine schema understanding, so we optimize all schema-critical elements to maximize schema comprehension and processing accuracy."
schema-markup-ai,"Schema Markup Implementation & Optimization","We implement comprehensive schema markup including explicit schema definitions, clear schema relationships, and schema AI signals. This includes schema markup optimization (explicit schema definitions, clear schema relationships, unambiguous schema references), schema AI signals (schema-specific structured data, schema entity relationships, schema entity clarity), and schema structured data (comprehensive schema JSON-LD, explicit schema entity definitions, schema-specific markup)."
schema-markup-ai,"AI Schema Markup Architecture","We structure schema markup for AI systems by implementing AI-optimized schema blocks, explicit schema entity definitions, and schema-ready markup patterns. AI schema systems require clear, unambiguous schema markup structure to process schema accurately, so we optimize schema architecture for maximum AI schema comprehension and processing accuracy."
schema-markup-ai,"Multi-Platform AI Schema Optimization","We optimize schema markup for multiple AI platforms (ChatGPT, Claude, Perplexity, Google AI Overviews) by implementing platform-agnostic schema structured data and markup patterns that work across all AI schema engines. Each system has unique schema requirements, so we ensure compatibility across all platforms while maximizing schema comprehension and processing accuracy for each system."
semantic-seo-ai,"Semantic Signal Engineering","We engineer semantic signals that improve how AI systems understand semantic relationships in your content. This includes semantic optimization, explicit semantic entity definitions, and semantic AI signals. Semantic AI systems use specific signals to determine semantic understanding, so we optimize all semantic-critical elements to maximize semantic comprehension and ranking position."
semantic-seo-ai,"Semantic Content Architecture & Optimization","We structure semantic content for AI systems by implementing atomic semantic content blocks, explicit semantic entity definitions, and semantic citation-ready content patterns. Semantic AI systems require clear, unambiguous semantic content structure to understand semantic relationships accurately, so we optimize semantic content architecture for maximum semantic AI comprehension and ranking position."
semantic-seo-ai,"Semantic Structured Data Implementation","We implement semantic-specific structured data including comprehensive semantic entity definitions, explicit semantic relationships, and semantic AI signals. This includes semantic structured data (comprehensive semantic JSON-LD, explicit semantic entity definitions, semantic-specific markup), semantic entity optimization (explicit semantic entity definitions, clear semantic entity relationships, unambiguous semantic entity references), and semantic AI signals (semantic-specific structured data, semantic entity relationships, semantic entity clarity)."
semantic-seo-ai,"Multi-Platform Semantic AI Optimization","We optimize semantic content for multiple AI platforms (ChatGPT, Claude, Perplexity, Google AI Overviews) by implementing platform-agnostic semantic structured data and content patterns that work across all semantic AI engines. Each system has unique semantic requirements, so we ensure compatibility across all platforms while maximizing semantic comprehension and ranking position for each system."
structured-data-ai,"Structured Data Signal Engineering","We engineer structured data signals that improve how AI systems understand and process your structured data. This includes structured data optimization, explicit structured data definitions, and structured data AI signals. AI structured data systems use specific signals to determine structured data understanding, so we optimize all structured data-critical elements to maximize structured data comprehension and processing accuracy."
structured-data-ai,"Structured Data Implementation & Optimization","We implement comprehensive structured data including explicit structured data definitions, clear structured data relationships, and structured data AI signals. This includes structured data optimization (explicit structured data definitions, clear structured data relationships, unambiguous structured data references), structured data AI signals (structured data-specific markup, structured data entity relationships, structured data entity clarity), and structured data markup (comprehensive structured data JSON-LD, explicit structured data entity definitions, structured data-specific markup)."
structured-data-ai,"AI Structured Data Architecture","We structure structured data for AI systems by implementing AI-optimized structured data blocks, explicit structured data entity definitions, and structured data-ready markup patterns. AI structured data systems require clear, unambiguous structured data structure to process structured data accurately, so we optimize structured data architecture for maximum AI structured data comprehension and processing accuracy."
structured-data-ai,"Multi-Platform AI Structured Data Optimization","We optimize structured data for multiple AI platforms (ChatGPT, Claude, Perplexity, Google AI Overviews) by implementing platform-agnostic structured data markup and patterns that work across all AI structured data engines. Each system has unique structured data requirements, so we ensure compatibility across all platforms while maximizing structured data comprehension and processing accuracy for each system."
technical-audit-ai,"AI Technical Audit & Assessment","We conduct comprehensive AI technical audits and assessments to identify AI optimization opportunities and technical issues. This includes AI technical audit (comprehensive AI technical assessment, AI optimization opportunities, AI technical issues), AI technical analysis (AI structured data analysis, AI entity clarity analysis, AI citation signal analysis), and AI technical recommendations (AI optimization recommendations, AI technical improvements, AI performance enhancements)."
technical-audit-ai,"AI Technical Signal Analysis","We analyze AI technical signals to identify optimization opportunities and technical issues. This includes AI technical signal analysis (AI structured data signals, AI entity clarity signals, AI citation signals), AI technical assessment (comprehensive AI technical assessment, AI optimization opportunities, AI technical issues), and AI technical recommendations (AI optimization recommendations, AI technical improvements, AI performance enhancements)."
technical-audit-ai,"AI Technical Optimization Recommendations","We provide comprehensive AI technical optimization recommendations including optimization opportunities, technical improvements, and performance enhancements. This includes AI optimization recommendations (AI structured data optimization, AI entity clarity optimization, AI citation signal optimization), AI technical improvements (AI technical fixes, AI technical enhancements, AI technical optimizations), and AI performance enhancements (AI performance improvements, AI visibility enhancements, AI citation improvements)."
technical-audit-ai,"Multi-Platform AI Technical Audit","We conduct AI technical audits across multiple platforms (ChatGPT, Claude, Perplexity, Google AI Overviews) to identify platform-specific optimization opportunities and technical issues. Each system has unique technical requirements, so we ensure comprehensive coverage across all platforms while identifying platform-specific optimization opportunities and technical issues for each system."
topic-modeling-ai,"Topic Modeling Signal Engineering","We engineer topic modeling signals that improve how AI systems understand and categorize your content topics. This includes topic modeling optimization, explicit topic definitions, and topic modeling AI signals. Topic modeling AI systems use specific signals to determine topic understanding, so we optimize all topic modeling-critical elements to maximize topic comprehension and categorization accuracy."
topic-modeling-ai,"Topic Modeling Content Architecture","We structure content for topic modeling AI systems by implementing topic-optimized content blocks, explicit topic entity definitions, and topic-ready content patterns. Topic modeling AI systems require clear, unambiguous topic-optimized content structure to model topics accurately, so we optimize topic content architecture for maximum topic modeling AI comprehension and categorization accuracy."
topic-modeling-ai,"Topic Modeling Structured Data Implementation","We implement topic modeling-specific structured data including comprehensive topic entity definitions, explicit topic relationships, and topic modeling AI signals. This includes topic modeling structured data (comprehensive topic modeling JSON-LD, explicit topic entity definitions, topic modeling-specific markup), topic entity optimization (explicit topic entity definitions, clear topic entity relationships, unambiguous topic entity references), and topic modeling AI signals (topic modeling-specific structured data, topic entity relationships, topic entity clarity)."
topic-modeling-ai,"Multi-Platform Topic Modeling AI Optimization","We optimize content for topic modeling AI across multiple platforms (ChatGPT, Claude, Perplexity, Google AI Overviews) by implementing platform-agnostic topic modeling structured data and content patterns that work across all topic modeling AI engines. Each system has unique topic modeling requirements, so we ensure compatibility across all platforms while maximizing topic comprehension and categorization accuracy for each system."
transparency-optimization-ai,"Transparency Signal Engineering","We engineer transparency signals that improve how AI systems evaluate and trust your content transparency. This includes transparency indicators, explicit transparency markers, and transparency validation patterns. AI systems use transparency signals to determine content trustworthiness, so we optimize all transparency-critical elements to maximize AI system confidence and citation likelihood."
transparency-optimization-ai,"Transparency Optimization & Validation","We optimize transparency by implementing explicit transparency markers, transparency indicators, and transparency validation. This includes transparency signal enhancement (transparency markers, transparency indicators, transparency validation), transparency optimization (explicit transparency, clear transparency, transparent processes), and transparency validation (transparency checks, transparency verification, transparency reporting)."
transparency-optimization-ai,"Transparency Validation & Reporting","We implement comprehensive transparency validation and reporting systems including transparency checks, transparency verification, and transparency reporting. This includes transparency validation (transparency checks, transparency verification, transparency reporting), transparency analytics (transparency metrics, transparency trends, transparency insights), and transparency optimization (transparency improvements, transparency enhancements, transparency recommendations)."
transparency-optimization-ai,"AI System Transparency Alignment","We align content with AI system transparency requirements including explicit transparency markers, transparency indicators, and transparency validation. AI systems prioritize certain transparency factors—transparency clarity (explicit transparency, clear transparency, transparent processes), transparency indicators (transparency markers, transparency indicators, transparency validation), and transparency trust (transparency verification, transparency reporting, transparency confidence). We ensure your content maximizes all transparency-critical factors to improve AI system confidence and citation likelihood."
trust-optimization-ai,"Trust Signal Engineering","We engineer trust signals that improve how AI systems evaluate and trust your content. This includes trust indicators, credibility markers, and trust validation patterns. AI systems use trust signals to determine content trustworthiness, so we optimize all trust-critical elements to maximize AI system confidence and citation likelihood."
trust-optimization-ai,"Trust Optimization & Validation","We optimize trust by implementing explicit trust markers, trust indicators, and trust validation. This includes trust signal enhancement (trust markers, trust indicators, trust validation), trust optimization (explicit trust, clear trust, trustworthy processes), and trust validation (trust checks, trust verification, trust reporting)."
trust-optimization-ai,"Trust Validation & Reporting","We implement comprehensive trust validation and reporting systems including trust checks, trust verification, and trust reporting. This includes trust validation (trust checks, trust verification, trust reporting), trust analytics (trust metrics, trust trends, trust insights), and trust optimization (trust improvements, trust enhancements, trust recommendations)."
trust-optimization-ai,"AI System Trust Alignment","We align content with AI system trust requirements including explicit trust markers, trust indicators, and trust validation. AI systems prioritize certain trust factors—trust clarity (explicit trust, clear trust, trustworthy processes), trust indicators (trust markers, trust indicators, trust validation), and trust confidence (trust verification, trust reporting, trust confidence). We ensure your content maximizes all trust-critical factors to improve AI system confidence and citation likelihood."
verification-optimization-ai,"Verification Signal Engineering","We engineer verification signals that improve how AI systems verify and trust your content. This includes verification indicators, explicit verification markers, and verification validation patterns. AI systems use verification signals to determine content trustworthiness, so we optimize all verification-critical elements to maximize AI system confidence and citation likelihood."
verification-optimization-ai,"Verification Optimization & Validation","We optimize verification by implementing explicit verification markers, verification indicators, and verification validation. This includes verification signal enhancement (verification markers, verification indicators, verification validation), verification optimization (explicit verification, clear verification, verifiable processes), and verification validation (verification checks, verification verification, verification reporting)."
verification-optimization-ai,"Verification Validation & Reporting","We implement comprehensive verification validation and reporting systems including verification checks, verification verification, and verification reporting. This includes verification validation (verification checks, verification verification, verification reporting), verification analytics (verification metrics, verification trends, verification insights), and verification optimization (verification improvements, verification enhancements, verification recommendations)."
verification-optimization-ai,"AI System Verification Alignment","We align content with AI system verification requirements including explicit verification markers, verification indicators, and verification validation. AI systems prioritize certain verification factors—verification clarity (explicit verification, clear verification, verifiable processes), verification indicators (verification markers, verification indicators, verification validation), and verification confidence (verification verification, verification reporting, verification confidence). We ensure your content maximizes all verification-critical factors to improve AI system confidence and citation likelihood."
voice-search-optimization,"Voice Search Signal Engineering","We engineer voice search signals that improve how AI voice assistants find and cite your content. This includes voice search optimization, explicit voice search entity definitions, and voice search AI signals. Voice search AI systems use specific signals to determine voice search understanding, so we optimize all voice search-critical elements to maximize voice search comprehension and citation accuracy."
voice-search-optimization,"Voice Search Content Architecture","We structure content for voice search AI systems by implementing voice search-optimized content blocks, explicit voice search entity definitions, and voice search-ready content patterns. Voice search AI systems require clear, unambiguous voice search-optimized content structure to process voice queries accurately, so we optimize voice search content architecture for maximum voice search AI comprehension and citation accuracy."
voice-search-optimization,"Voice Search Structured Data Implementation","We implement voice search-specific structured data including comprehensive voice search entity definitions, explicit voice search relationships, and voice search AI signals. This includes voice search structured data (comprehensive voice search JSON-LD, explicit voice search entity definitions, voice search-specific markup), voice search entity optimization (explicit voice search entity definitions, clear voice search entity relationships, unambiguous voice search entity references), and voice search AI signals (voice search-specific structured data, voice search entity relationships, voice search entity clarity)."
voice-search-optimization,"Multi-Platform Voice Search AI Optimization","We optimize content for voice search AI across multiple platforms (Google Assistant, Amazon Alexa, Apple Siri, Microsoft Cortana) by implementing platform-agnostic voice search structured data and content patterns that work across all voice search AI engines. Each system has unique voice search requirements, so we ensure compatibility across all platforms while maximizing voice search comprehension and citation accuracy for each system."
