URL,"Last crawled"
https://nrlc.ai/en-us/blog/blog-post-102/,1970-01-01
https://nrlc.ai/en-us/blog/blog-post-121/,1970-01-01
https://nrlc.ai/en-us/blog/blog-post-23/,1970-01-01
https://nrlc.ai/en-us/blog/blog-post-328/,1970-01-01
https://nrlc.ai/en-us/blog/blog-post-366/,1970-01-01
https://nrlc.ai/en-us/blog/blog-post-380/,1970-01-01
https://nrlc.ai/en-us/blog/blog-post-383/,1970-01-01
https://nrlc.ai/en-us/blog/blog-post-411/,1970-01-01
https://nrlc.ai/en-us/blog/blog-post-419/,1970-01-01
https://nrlc.ai/en-us/blog/blog-post-473/,1970-01-01
https://nrlc.ai/en-us/blog/blog-post-6/,1970-01-01
https://nrlc.ai/en-us/careers/cambridge/seo-specialist/,1970-01-01
https://nrlc.ai/en-us/careers/dallas/technical-writer/,1970-01-01
https://nrlc.ai/en-us/careers/el-paso/llm-strategist/,1970-01-01
https://nrlc.ai/en-us/careers/fort-worth/schema-engineer/,1970-01-01
https://nrlc.ai/en-us/careers/glasgow/technical-writer/,1970-01-01
https://nrlc.ai/en-us/careers/goyang/seo-specialist/,1970-01-01
https://nrlc.ai/en-us/careers/kobe/schema-engineer/,1970-01-01
https://nrlc.ai/en-us/careers/milwaukee/llm-strategist/,1970-01-01
https://nrlc.ai/en-us/careers/minneapolis/seo-specialist/,1970-01-01
https://nrlc.ai/en-us/careers/mito/seo-specialist/,1970-01-01
https://nrlc.ai/en-us/careers/montreal/seo-specialist/,1970-01-01
https://nrlc.ai/en-us/careers/nagoya/seo-specialist/,1970-01-01
https://nrlc.ai/en-us/careers/northampton/schema-engineer/,1970-01-01
https://nrlc.ai/en-us/careers/nottingham/llm-strategist/,1970-01-01
https://nrlc.ai/en-us/careers/omaha/seo-specialist/,1970-01-01
https://nrlc.ai/en-us/careers/soka/technical-writer/,1970-01-01
https://nrlc.ai/en-us/careers/wako/llm-strategist/,1970-01-01
https://nrlc.ai/en-us/careers/winnipeg/technical-writer/,1970-01-01
https://nrlc.ai/en-us/careers/yashio/llm-strategist/,1970-01-01
https://nrlc.ai/en-us/careers/yellowknife/llm-strategist/,1970-01-01
https://nrlc.ai/en-us/case-studies/case-study-130/,1970-01-01
https://nrlc.ai/en-us/case-studies/case-study-149/,1970-01-01
https://nrlc.ai/en-us/case-studies/case-study-162/,1970-01-01
https://nrlc.ai/en-us/case-studies/case-study-2/,1970-01-01
https://nrlc.ai/en-us/case-studies/case-study-28/,1970-01-01
https://nrlc.ai/en-us/resources/resource-1/,1970-01-01
https://nrlc.ai/en-us/resources/resource-102/,1970-01-01
https://nrlc.ai/en-us/resources/resource-109/,1970-01-01
https://nrlc.ai/en-us/resources/resource-143/,1970-01-01
https://nrlc.ai/en-us/resources/resource-195/,1970-01-01
https://nrlc.ai/en-us/resources/resource-260/,1970-01-01
https://nrlc.ai/en-us/resources/resource-320/,1970-01-01
https://nrlc.ai/en-us/resources/resource-326/,1970-01-01
https://nrlc.ai/en-us/resources/resource-332/,1970-01-01
https://nrlc.ai/en-us/resources/resource-4/,1970-01-01
https://nrlc.ai/en-us/resources/resource-42/,1970-01-01
https://nrlc.ai/en-us/resources/resource-436/,1970-01-01
https://nrlc.ai/en-us/resources/resource-457/,1970-01-01
https://nrlc.ai/en-us/resources/resource-461/,1970-01-01
https://nrlc.ai/en-us/resources/resource-501/,1970-01-01
https://nrlc.ai/en-us/resources/resource-517/,1970-01-01
https://nrlc.ai/en-us/resources/resource-520/,1970-01-01
https://nrlc.ai/en-us/resources/resource-585/,1970-01-01
https://nrlc.ai/en-us/resources/resource-673/,1970-01-01
https://nrlc.ai/en-us/resources/resource-695/,1970-01-01
https://nrlc.ai/en-us/resources/resource-72/,1970-01-01
https://nrlc.ai/en-us/resources/resource-745/,1970-01-01
https://nrlc.ai/en-us/resources/resource-748/,1970-01-01
https://nrlc.ai/en-us/resources/resource-770/,1970-01-01
https://nrlc.ai/en-us/resources/resource-784/,1970-01-01
https://nrlc.ai/en-us/resources/resource-804/,1970-01-01
https://nrlc.ai/en-us/resources/resource-817/,1970-01-01
https://nrlc.ai/en-us/resources/resource-833/,1970-01-01
https://nrlc.ai/en-us/resources/resource-855/,1970-01-01
https://nrlc.ai/en-us/resources/resource-857/,1970-01-01
https://nrlc.ai/en-us/resources/resource-893/,1970-01-01
https://nrlc.ai/en-us/resources/resource-900/,1970-01-01
https://nrlc.ai/en-us/resources/resource-904/,1970-01-01
https://nrlc.ai/en-us/resources/resource-957/,1970-01-01
https://nrlc.ai/en-us/resources/resource-965/,1970-01-01
https://nrlc.ai/en-us/resources/resource-997/,1970-01-01
https://nrlc.ai/en-us/services/accuracy-optimization-ai/columbus/,1970-01-01
https://nrlc.ai/en-us/services/accuracy-optimization-ai/fresno/,1970-01-01
https://nrlc.ai/en-us/services/accuracy-optimization-ai/incheon/,1970-01-01
https://nrlc.ai/en-us/services/accuracy-optimization-ai/kumamoto/,1970-01-01
https://nrlc.ai/en-us/services/accuracy-optimization-ai/leeds/,1970-01-01
https://nrlc.ai/en-us/services/accuracy-optimization-ai/leicester/,1970-01-01
https://nrlc.ai/en-us/services/accuracy-optimization-ai/niigata/,1970-01-01
https://nrlc.ai/en-us/services/accuracy-optimization-ai/southend-on-sea/,1970-01-01
https://nrlc.ai/en-us/services/accuracy-optimization-ai/stockport/,1970-01-01
https://nrlc.ai/en-us/services/accuracy-optimization-ai/tulsa/,1970-01-01
https://nrlc.ai/en-us/services/accuracy-optimization-ai/yamagata/,1970-01-01
https://nrlc.ai/en-us/services/agentic-seo/cardiff/,1970-01-01
https://nrlc.ai/en-us/services/agentic-seo/charlotte/,1970-01-01
https://nrlc.ai/en-us/services/agentic-seo/detroit/,1970-01-01
https://nrlc.ai/en-us/services/agentic-seo/edinburgh/,1970-01-01
https://nrlc.ai/en-us/services/agentic-seo/edmonton/,1970-01-01
https://nrlc.ai/en-us/services/agentic-seo/fresno/,1970-01-01
https://nrlc.ai/en-us/services/agentic-seo/honjo/,1970-01-01
https://nrlc.ai/en-us/services/agentic-seo/kelowna/,1970-01-01
https://nrlc.ai/en-us/services/agentic-seo/kuki/,1970-01-01
https://nrlc.ai/en-us/services/agentic-seo/kurashiki/,1970-01-01
https://nrlc.ai/en-us/services/agentic-seo/kyoto/,1970-01-01
https://nrlc.ai/en-us/services/agentic-seo/mesa/,1970-01-01
https://nrlc.ai/en-us/services/agentic-seo/nagoya/,1970-01-01
https://nrlc.ai/en-us/services/agentic-seo/oldham/,1970-01-01
https://nrlc.ai/en-us/services/agentic-seo/sejong/,1970-01-01
https://nrlc.ai/en-us/services/agentic-seo/seongnam/,1970-01-01
https://nrlc.ai/en-us/services/agentic-seo/tulsa/,1970-01-01
https://nrlc.ai/en-us/services/agentic-seo/yashio/,1970-01-01
https://nrlc.ai/en-us/services/ai-citation-optimization/abbotsford/,1970-01-01
https://nrlc.ai/en-us/services/ai-citation-optimization/baltimore/,1970-01-01
https://nrlc.ai/en-us/services/ai-citation-optimization/cambridge/,1970-01-01
https://nrlc.ai/en-us/services/ai-citation-optimization/chicago/,1970-01-01
https://nrlc.ai/en-us/services/ai-citation-optimization/el-paso/,1970-01-01
https://nrlc.ai/en-us/services/ai-citation-optimization/hiroshima/,1970-01-01
https://nrlc.ai/en-us/services/ai-citation-optimization/kingston/,1970-01-01
https://nrlc.ai/en-us/services/ai-citation-optimization/kuki/,1970-01-01
https://nrlc.ai/en-us/services/ai-citation-optimization/los-angeles/,1970-01-01
https://nrlc.ai/en-us/services/ai-citation-optimization/middlesbrough/,1970-01-01
https://nrlc.ai/en-us/services/ai-citation-optimization/niiza/,1970-01-01
https://nrlc.ai/en-us/services/ai-citation-optimization/otsu/,1970-01-01
https://nrlc.ai/en-us/services/ai-citation-optimization/plymouth/,1970-01-01
https://nrlc.ai/en-us/services/ai-citation-optimization/saskatoon/,1970-01-01
https://nrlc.ai/en-us/services/ai-citation-optimization/seongnam/,1970-01-01
https://nrlc.ai/en-us/services/ai-citation-optimization/virginia-beach/,1970-01-01
https://nrlc.ai/en-us/services/ai-overviews-optimization/albuquerque/,1970-01-01
https://nrlc.ai/en-us/services/ai-overviews-optimization/baltimore/,1970-01-01
https://nrlc.ai/en-us/services/ai-overviews-optimization/blackpool/,1970-01-01
https://nrlc.ai/en-us/services/ai-overviews-optimization/coventry/,1970-01-01
https://nrlc.ai/en-us/services/ai-overviews-optimization/dallas/,1970-01-01
https://nrlc.ai/en-us/services/ai-overviews-optimization/el-paso/,1970-01-01
https://nrlc.ai/en-us/services/ai-overviews-optimization/fujimi/,1970-01-01
https://nrlc.ai/en-us/services/ai-overviews-optimization/guelph/,1970-01-01
https://nrlc.ai/en-us/services/ai-overviews-optimization/hamamatsu/,1970-01-01
https://nrlc.ai/en-us/services/ai-overviews-optimization/ichikawa/,1970-01-01
https://nrlc.ai/en-us/services/ai-overviews-optimization/kawasaki/,1970-01-01
https://nrlc.ai/en-us/services/ai-overviews-optimization/kelowna/,1970-01-01
https://nrlc.ai/en-us/services/ai-overviews-optimization/kumagaya/,1970-01-01
https://nrlc.ai/en-us/services/ai-overviews-optimization/london/,1970-01-01
https://nrlc.ai/en-us/services/ai-overviews-optimization/los-angeles/,1970-01-01
https://nrlc.ai/en-us/services/ai-overviews-optimization/memphis/,1970-01-01
https://nrlc.ai/en-us/services/ai-overviews-optimization/okegawa/,1970-01-01
https://nrlc.ai/en-us/services/ai-overviews-optimization/osaka/,1970-01-01
https://nrlc.ai/en-us/services/ai-overviews-optimization/southend-on-sea/,1970-01-01
https://nrlc.ai/en-us/services/ai-overviews-optimization/winnipeg/,1970-01-01
https://nrlc.ai/en-us/services/ai-search-optimization/el-paso/,1970-01-01
https://nrlc.ai/en-us/services/ai-search-optimization/hull/,1970-01-01
https://nrlc.ai/en-us/services/ai-search-optimization/iqaluit/,1970-01-01
https://nrlc.ai/en-us/services/ai-search-optimization/kingston/,1970-01-01
https://nrlc.ai/en-us/services/ai-search-optimization/koshigaya/,1970-01-01
https://nrlc.ai/en-us/services/ai-search-optimization/new-orleans/,1970-01-01
https://nrlc.ai/en-us/services/ai-search-optimization/plymouth/,1970-01-01
https://nrlc.ai/en-us/services/ai-search-optimization/san-antonio/,1970-01-01
https://nrlc.ai/en-us/services/ai-search-optimization/sayama/,1970-01-01
https://nrlc.ai/en-us/services/ai-search-optimization/southend-on-sea/,1970-01-01
https://nrlc.ai/en-us/services/analytics/akita/,1970-01-01
https://nrlc.ai/en-us/services/analytics/baltimore/,1970-01-01
https://nrlc.ai/en-us/services/analytics/el-paso/,1970-01-01
https://nrlc.ai/en-us/services/analytics/houston/,1970-01-01
https://nrlc.ai/en-us/services/analytics/jeonju/,1970-01-01
https://nrlc.ai/en-us/services/analytics/las-vegas/,1970-01-01
https://nrlc.ai/en-us/services/analytics/leeds/,1970-01-01
https://nrlc.ai/en-us/services/analytics/manchester/,1970-01-01
https://nrlc.ai/en-us/services/analytics/nashville/,1970-01-01
https://nrlc.ai/en-us/services/analytics/plymouth/,1970-01-01
https://nrlc.ai/en-us/services/analytics/portland/,1970-01-01
https://nrlc.ai/en-us/services/analytics/san-antonio/,1970-01-01
https://nrlc.ai/en-us/services/analytics/san-francisco/,1970-01-01
https://nrlc.ai/en-us/services/analytics/seongnam/,1970-01-01
https://nrlc.ai/en-us/services/analytics/tampa/,1970-01-01
https://nrlc.ai/en-us/services/analytics/toyonaka/,1970-01-01
https://nrlc.ai/en-us/services/analytics/yongin/,1970-01-01
https://nrlc.ai/en-us/services/authority-optimization-ai/boston/,1970-01-01
https://nrlc.ai/en-us/services/authority-optimization-ai/cardiff/,1970-01-01
https://nrlc.ai/en-us/services/authority-optimization-ai/cheonan/,1970-01-01
https://nrlc.ai/en-us/services/authority-optimization-ai/gwangju/,1970-01-01
https://nrlc.ai/en-us/services/authority-optimization-ai/hamilton/,1970-01-01
https://nrlc.ai/en-us/services/authority-optimization-ai/incheon/,1970-01-01
https://nrlc.ai/en-us/services/authority-optimization-ai/kagoshima/,1970-01-01
https://nrlc.ai/en-us/services/authority-optimization-ai/leeds/,1970-01-01
https://nrlc.ai/en-us/services/authority-optimization-ai/miami/,1970-01-01
https://nrlc.ai/en-us/services/authority-optimization-ai/nagoya/,1970-01-01
https://nrlc.ai/en-us/services/authority-optimization-ai/nara/,1970-01-01
https://nrlc.ai/en-us/services/authority-optimization-ai/new-york/,1970-01-01
https://nrlc.ai/en-us/services/authority-optimization-ai/ottawa/,1970-01-01
https://nrlc.ai/en-us/services/authority-optimization-ai/saguenay/,1970-01-01
https://nrlc.ai/en-us/services/authority-optimization-ai/seoul/,1970-01-01
https://nrlc.ai/en-us/services/authority-optimization-ai/whitehorse/,1970-01-01
https://nrlc.ai/en-us/services/b2b-seo-ai/goyang/,1970-01-01
https://nrlc.ai/en-us/services/b2b-seo-ai/higashimatsuyama/,1970-01-01
https://nrlc.ai/en-us/services/b2b-seo-ai/honjo/,1970-01-01
https://nrlc.ai/en-us/services/b2b-seo-ai/kyoto/,1970-01-01
https://nrlc.ai/en-us/services/b2b-seo-ai/los-angeles/,1970-01-01
https://nrlc.ai/en-us/services/b2b-seo-ai/matsuyama/,1970-01-01
https://nrlc.ai/en-us/services/b2b-seo-ai/middlesbrough/,1970-01-01
https://nrlc.ai/en-us/services/b2b-seo-ai/new-york/,1970-01-01
https://nrlc.ai/en-us/services/b2b-seo-ai/otsu/,1970-01-01
https://nrlc.ai/en-us/services/b2b-seo-ai/portland/,1970-01-01
https://nrlc.ai/en-us/services/b2b-seo-ai/san-jose/,1970-01-01
https://nrlc.ai/en-us/services/b2b-seo-ai/sejong/,1970-01-01
https://nrlc.ai/en-us/services/b2b-seo-ai/sendai/,1970-01-01
https://nrlc.ai/en-us/services/b2b-seo-ai/souka/,1970-01-01
https://nrlc.ai/en-us/services/b2b-seo-ai/sudbury/,1970-01-01
https://nrlc.ai/en-us/services/b2b-seo-ai/victoria/,1970-01-01
https://nrlc.ai/en-us/services/bard-optimization/ageo/,1970-01-01
https://nrlc.ai/en-us/services/bard-optimization/belfast/,1970-01-01
https://nrlc.ai/en-us/services/bard-optimization/cheonan/,1970-01-01
https://nrlc.ai/en-us/services/bard-optimization/daejeon/,1970-01-01
https://nrlc.ai/en-us/services/bard-optimization/funabashi/,1970-01-01
https://nrlc.ai/en-us/services/bard-optimization/glasgow/,1970-01-01
https://nrlc.ai/en-us/services/bard-optimization/guelph/,1970-01-01
https://nrlc.ai/en-us/services/bard-optimization/hwasong/,1970-01-01
https://nrlc.ai/en-us/services/bard-optimization/indianapolis/,1970-01-01
https://nrlc.ai/en-us/services/bard-optimization/iqaluit/,1970-01-01
https://nrlc.ai/en-us/services/bard-optimization/iruma/,1970-01-01
https://nrlc.ai/en-us/services/bard-optimization/minneapolis/,1970-01-01
https://nrlc.ai/en-us/services/bard-optimization/montreal/,1970-01-01
https://nrlc.ai/en-us/services/bard-optimization/nashville/,1970-01-01
https://nrlc.ai/en-us/services/bard-optimization/nishinomiya/,1970-01-01
https://nrlc.ai/en-us/services/bard-optimization/oklahoma-city/,1970-01-01
https://nrlc.ai/en-us/services/bard-optimization/otsu/,1970-01-01
https://nrlc.ai/en-us/services/bard-optimization/peterborough/,1970-01-01
https://nrlc.ai/en-us/services/bard-optimization/sacramento/,1970-01-01
https://nrlc.ai/en-us/services/bard-optimization/sagamihara/,1970-01-01
https://nrlc.ai/en-us/services/bard-optimization/southend-on-sea/,1970-01-01
https://nrlc.ai/en-us/services/bard-optimization/victoria/,1970-01-01
https://nrlc.ai/en-us/services/chatgpt-optimization/derby/,1970-01-01
https://nrlc.ai/en-us/services/chatgpt-optimization/fukushima/,1970-01-01
https://nrlc.ai/en-us/services/chatgpt-optimization/honjo/,1970-01-01
https://nrlc.ai/en-us/services/chatgpt-optimization/iqaluit/,1970-01-01
https://nrlc.ai/en-us/services/chatgpt-optimization/kelowna/,1970-01-01
https://nrlc.ai/en-us/services/chatgpt-optimization/kitakyushu/,1970-01-01
https://nrlc.ai/en-us/services/chatgpt-optimization/kumamoto/,1970-01-01
https://nrlc.ai/en-us/services/chatgpt-optimization/kurashiki/,1970-01-01
https://nrlc.ai/en-us/services/chatgpt-optimization/miami/,1970-01-01
https://nrlc.ai/en-us/services/chatgpt-optimization/newcastle/,1970-01-01
https://nrlc.ai/en-us/services/chatgpt-optimization/omaha/,1970-01-01
https://nrlc.ai/en-us/services/chatgpt-optimization/otsu/,1970-01-01
https://nrlc.ai/en-us/services/chatgpt-optimization/sagamihara/,1970-01-01
https://nrlc.ai/en-us/services/chatgpt-optimization/sendai/,1970-01-01
https://nrlc.ai/en-us/services/chatgpt-optimization/sheffield/,1970-01-01
https://nrlc.ai/en-us/services/chatgpt-optimization/shizuoka/,1970-01-01
https://nrlc.ai/en-us/services/chatgpt-optimization/utsunomiya/,1970-01-01
https://nrlc.ai/en-us/services/chatgpt-optimization/wako/,1970-01-01
https://nrlc.ai/en-us/services/chatgpt-optimization/winnipeg/,1970-01-01
https://nrlc.ai/en-us/services/claude-optimization/abbotsford/,1970-01-01
https://nrlc.ai/en-us/services/claude-optimization/anyang/,1970-01-01
https://nrlc.ai/en-us/services/claude-optimization/cardiff/,1970-01-01
https://nrlc.ai/en-us/services/claude-optimization/dallas/,1970-01-01
https://nrlc.ai/en-us/services/claude-optimization/el-paso/,1970-01-01
https://nrlc.ai/en-us/services/claude-optimization/hamilton/,1970-01-01
https://nrlc.ai/en-us/services/claude-optimization/louisville/,1970-01-01
https://nrlc.ai/en-us/services/claude-optimization/mito/,1970-01-01
https://nrlc.ai/en-us/services/claude-optimization/oldham/,1970-01-01
https://nrlc.ai/en-us/services/claude-optimization/omaha/,1970-01-01
https://nrlc.ai/en-us/services/claude-optimization/osaka/,1970-01-01
https://nrlc.ai/en-us/services/claude-optimization/ottawa/,1970-01-01
https://nrlc.ai/en-us/services/claude-optimization/san-jose/,1970-01-01
https://nrlc.ai/en-us/services/claude-optimization/southampton/,1970-01-01
https://nrlc.ai/en-us/services/claude-optimization/swansea/,1970-01-01
https://nrlc.ai/en-us/services/claude-optimization/toyonaka/,1970-01-01
https://nrlc.ai/en-us/services/claude-optimization/winnipeg/,1970-01-01
https://nrlc.ai/en-us/services/competitor-analysis-ai/abbotsford/,1970-01-01
https://nrlc.ai/en-us/services/competitor-analysis-ai/baltimore/,1970-01-01
https://nrlc.ai/en-us/services/competitor-analysis-ai/daejeon/,1970-01-01
https://nrlc.ai/en-us/services/competitor-analysis-ai/iruma/,1970-01-01
https://nrlc.ai/en-us/services/competitor-analysis-ai/kitamoto/,1970-01-01
https://nrlc.ai/en-us/services/competitor-analysis-ai/london/,1970-01-01
https://nrlc.ai/en-us/services/competitor-analysis-ai/memphis/,1970-01-01
https://nrlc.ai/en-us/services/competitor-analysis-ai/nashville/,1970-01-01
https://nrlc.ai/en-us/services/competitor-analysis-ai/new-york/,1970-01-01
https://nrlc.ai/en-us/services/competitor-analysis-ai/oldham/,1970-01-01
https://nrlc.ai/en-us/services/competitor-analysis-ai/sacramento/,1970-01-01
https://nrlc.ai/en-us/services/competitor-analysis-ai/san-antonio/,1970-01-01
https://nrlc.ai/en-us/services/competitor-analysis-ai/san-diego/,1970-01-01
https://nrlc.ai/en-us/services/competitor-analysis-ai/tulsa/,1970-01-01
https://nrlc.ai/en-us/services/competitor-analysis-ai/virginia-beach/,1970-01-01
https://nrlc.ai/en-us/services/competitor-analysis-ai/warabi/,1970-01-01
https://nrlc.ai/en-us/services/competitor-analysis-ai/windsor/,1970-01-01
https://nrlc.ai/en-us/services/completeness-optimization-ai/austin/,1970-01-01
https://nrlc.ai/en-us/services/completeness-optimization-ai/daegu/,1970-01-01
https://nrlc.ai/en-us/services/completeness-optimization-ai/el-paso/,1970-01-01
https://nrlc.ai/en-us/services/completeness-optimization-ai/fukaya/,1970-01-01
https://nrlc.ai/en-us/services/completeness-optimization-ai/guelph/,1970-01-01
https://nrlc.ai/en-us/services/completeness-optimization-ai/jeonju/,1970-01-01
https://nrlc.ai/en-us/services/completeness-optimization-ai/kansas-city/,1970-01-01
https://nrlc.ai/en-us/services/completeness-optimization-ai/kitamoto/,1970-01-01
https://nrlc.ai/en-us/services/completeness-optimization-ai/london/,1970-01-01
https://nrlc.ai/en-us/services/completeness-optimization-ai/minneapolis/,1970-01-01
https://nrlc.ai/en-us/services/completeness-optimization-ai/osaka/,1970-01-01
https://nrlc.ai/en-us/services/completeness-optimization-ai/saguenay/,1970-01-01
https://nrlc.ai/en-us/services/completeness-optimization-ai/sejong/,1970-01-01
https://nrlc.ai/en-us/services/completeness-optimization-ai/yamagata/,1970-01-01
https://nrlc.ai/en-us/services/content-optimization-ai/calgary/,1970-01-01
https://nrlc.ai/en-us/services/content-optimization-ai/hasuda/,1970-01-01
https://nrlc.ai/en-us/services/content-optimization-ai/honjo/,1970-01-01
https://nrlc.ai/en-us/services/content-optimization-ai/hull/,1970-01-01
https://nrlc.ai/en-us/services/content-optimization-ai/jeju/,1970-01-01
https://nrlc.ai/en-us/services/content-optimization-ai/kitakyushu/,1970-01-01
https://nrlc.ai/en-us/services/content-optimization-ai/kumagaya/,1970-01-01
https://nrlc.ai/en-us/services/content-optimization-ai/kyoto/,1970-01-01
https://nrlc.ai/en-us/services/content-optimization-ai/liverpool/,1970-01-01
https://nrlc.ai/en-us/services/content-optimization-ai/mito/,1970-01-01
https://nrlc.ai/en-us/services/content-optimization-ai/nishinomiya/,1970-01-01
https://nrlc.ai/en-us/services/content-optimization-ai/nottingham/,1970-01-01
https://nrlc.ai/en-us/services/content-optimization-ai/san-diego/,1970-01-01
https://nrlc.ai/en-us/services/content-optimization-ai/takamatsu/,1970-01-01
https://nrlc.ai/en-us/services/content-optimization-ai/toronto/,1970-01-01
https://nrlc.ai/en-us/services/content-optimization-ai/virginia-beach/,1970-01-01
https://nrlc.ai/en-us/services/content-optimization-ai/winnipeg/,1970-01-01
https://nrlc.ai/en-us/services/contextual-seo-ai/asaka/,1970-01-01
https://nrlc.ai/en-us/services/contextual-seo-ai/cambridge/,1970-01-01
https://nrlc.ai/en-us/services/contextual-seo-ai/hiroshima/,1970-01-01
https://nrlc.ai/en-us/services/contextual-seo-ai/ichikawa/,1970-01-01
https://nrlc.ai/en-us/services/contextual-seo-ai/kawagoe/,1970-01-01
https://nrlc.ai/en-us/services/contextual-seo-ai/liverpool/,1970-01-01
https://nrlc.ai/en-us/services/contextual-seo-ai/miami/,1970-01-01
https://nrlc.ai/en-us/services/contextual-seo-ai/new-orleans/,1970-01-01
https://nrlc.ai/en-us/services/contextual-seo-ai/niigata/,1970-01-01
https://nrlc.ai/en-us/services/contextual-seo-ai/saskatoon/,1970-01-01
https://nrlc.ai/en-us/services/contextual-seo-ai/swansea/,1970-01-01
https://nrlc.ai/en-us/services/contextual-seo-ai/tampa/,1970-01-01
https://nrlc.ai/en-us/services/contextual-seo-ai/yamagata/,1970-01-01
https://nrlc.ai/en-us/services/contextual-seo-ai/yongin/,1970-01-01
https://nrlc.ai/en-us/services/conversational-seo-ai/abbotsford/,1970-01-01
https://nrlc.ai/en-us/services/conversational-seo-ai/anyang/,1970-01-01
https://nrlc.ai/en-us/services/conversational-seo-ai/bucheon/,1970-01-01
https://nrlc.ai/en-us/services/conversational-seo-ai/el-paso/,1970-01-01
https://nrlc.ai/en-us/services/conversational-seo-ai/fresno/,1970-01-01
https://nrlc.ai/en-us/services/conversational-seo-ai/hasuda/,1970-01-01
https://nrlc.ai/en-us/services/conversational-seo-ai/hiroshima/,1970-01-01
https://nrlc.ai/en-us/services/conversational-seo-ai/iruma/,1970-01-01
https://nrlc.ai/en-us/services/conversational-seo-ai/kasukabe/,1970-01-01
https://nrlc.ai/en-us/services/conversational-seo-ai/kounosu/,1970-01-01
https://nrlc.ai/en-us/services/conversational-seo-ai/kumamoto/,1970-01-01
https://nrlc.ai/en-us/services/conversational-seo-ai/leicester/,1970-01-01
https://nrlc.ai/en-us/services/conversational-seo-ai/niigata/,1970-01-01
https://nrlc.ai/en-us/services/conversational-seo-ai/seattle/,1970-01-01
https://nrlc.ai/en-us/services/conversational-seo-ai/sendai/,1970-01-01
https://nrlc.ai/en-us/services/conversational-seo-ai/stockport/,1970-01-01
https://nrlc.ai/en-us/services/conversational-seo-ai/sudbury/,1970-01-01
https://nrlc.ai/en-us/services/conversational-seo-ai/winnipeg/,1970-01-01
https://nrlc.ai/en-us/services/conversion-optimization-ai/albuquerque/,1970-01-01
https://nrlc.ai/en-us/services/conversion-optimization-ai/ansan/,1970-01-01
https://nrlc.ai/en-us/services/conversion-optimization-ai/asahikawa/,1970-01-01
https://nrlc.ai/en-us/services/conversion-optimization-ai/boston/,1970-01-01
https://nrlc.ai/en-us/services/conversion-optimization-ai/bristol/,1970-01-01
https://nrlc.ai/en-us/services/conversion-optimization-ai/cardiff/,1970-01-01
https://nrlc.ai/en-us/services/conversion-optimization-ai/coventry/,1970-01-01
https://nrlc.ai/en-us/services/conversion-optimization-ai/denver/,1970-01-01
https://nrlc.ai/en-us/services/conversion-optimization-ai/derby/,1970-01-01
https://nrlc.ai/en-us/services/conversion-optimization-ai/edmonton/,1970-01-01
https://nrlc.ai/en-us/services/conversion-optimization-ai/jeju/,1970-01-01
https://nrlc.ai/en-us/services/conversion-optimization-ai/kasukabe/,1970-01-01
https://nrlc.ai/en-us/services/conversion-optimization-ai/kingston/,1970-01-01
https://nrlc.ai/en-us/services/conversion-optimization-ai/koshigaya/,1970-01-01
https://nrlc.ai/en-us/services/conversion-optimization-ai/london/,1970-01-01
https://nrlc.ai/en-us/services/conversion-optimization-ai/maebashi/,1970-01-01
https://nrlc.ai/en-us/services/conversion-optimization-ai/miami/,1970-01-01
https://nrlc.ai/en-us/services/conversion-optimization-ai/osaka/,1970-01-01
https://nrlc.ai/en-us/services/conversion-optimization-ai/raleigh/,1970-01-01
https://nrlc.ai/en-us/services/conversion-optimization-ai/southend-on-sea/,1970-01-01
https://nrlc.ai/en-us/services/conversion-optimization-ai/suwon/,1970-01-01
https://nrlc.ai/en-us/services/conversion-optimization-ai/swansea/,1970-01-01
https://nrlc.ai/en-us/services/conversion-optimization-ai/toyonaka/,1970-01-01
https://nrlc.ai/en-us/services/conversion-optimization-ai/windsor/,1970-01-01
https://nrlc.ai/en-us/services/copilot-optimization/blackpool/,1970-01-01
https://nrlc.ai/en-us/services/copilot-optimization/brighton/,1970-01-01
https://nrlc.ai/en-us/services/copilot-optimization/chicago/,1970-01-01
https://nrlc.ai/en-us/services/copilot-optimization/colorado-springs/,1970-01-01
https://nrlc.ai/en-us/services/copilot-optimization/fujimi/,1970-01-01
https://nrlc.ai/en-us/services/copilot-optimization/jinju/,1970-01-01
https://nrlc.ai/en-us/services/copilot-optimization/kawasaki/,1970-01-01
https://nrlc.ai/en-us/services/copilot-optimization/koshigaya/,1970-01-01
https://nrlc.ai/en-us/services/copilot-optimization/louisville/,1970-01-01
https://nrlc.ai/en-us/services/copilot-optimization/maebashi/,1970-01-01
https://nrlc.ai/en-us/services/copilot-optimization/oshawa/,1970-01-01
https://nrlc.ai/en-us/services/copilot-optimization/otsu/,1970-01-01
https://nrlc.ai/en-us/services/copilot-optimization/sacramento/,1970-01-01
https://nrlc.ai/en-us/services/copilot-optimization/sheffield/,1970-01-01
https://nrlc.ai/en-us/services/copilot-optimization/southampton/,1970-01-01
https://nrlc.ai/en-us/services/copilot-optimization/southport/,1970-01-01
https://nrlc.ai/en-us/services/copilot-optimization/suwon/,1970-01-01
https://nrlc.ai/en-us/services/copilot-optimization/vancouver/,1970-01-01
https://nrlc.ai/en-us/services/copilot-optimization/washington/,1970-01-01
https://nrlc.ai/en-us/services/crawl-clarity/albuquerque/,1970-01-01
https://nrlc.ai/en-us/services/crawl-clarity/belfast/,1970-01-01
https://nrlc.ai/en-us/services/crawl-clarity/huddersfield/,1970-01-01
https://nrlc.ai/en-us/services/crawl-clarity/jeju/,1970-01-01
https://nrlc.ai/en-us/services/crawl-clarity/jinju/,1970-01-01
https://nrlc.ai/en-us/services/crawl-clarity/kobe/,1970-01-01
https://nrlc.ai/en-us/services/crawl-clarity/kyoto/,1970-01-01
https://nrlc.ai/en-us/services/crawl-clarity/miyashiro/,1970-01-01
https://nrlc.ai/en-us/services/crawl-clarity/nishinomiya/,1970-01-01
https://nrlc.ai/en-us/services/crawl-clarity/oldham/,1970-01-01
https://nrlc.ai/en-us/services/crawl-clarity/quebec-city/,1970-01-01
https://nrlc.ai/en-us/services/crawl-clarity/souka/,1970-01-01
https://nrlc.ai/en-us/services/crawl-clarity/southampton/,1970-01-01
https://nrlc.ai/en-us/services/crawl-clarity/suwon/,1970-01-01
https://nrlc.ai/en-us/services/crawl-clarity/toda/,1970-01-01
https://nrlc.ai/en-us/services/crawl-clarity/vancouver/,1970-01-01
https://nrlc.ai/en-us/services/crawl-clarity/victoria/,1970-01-01
https://nrlc.ai/en-us/services/ecommerce-ai-seo/birmingham/,1970-01-01
https://nrlc.ai/en-us/services/ecommerce-ai-seo/burnley/,1970-01-01
https://nrlc.ai/en-us/services/ecommerce-ai-seo/fresno/,1970-01-01
https://nrlc.ai/en-us/services/ecommerce-ai-seo/guelph/,1970-01-01
https://nrlc.ai/en-us/services/ecommerce-ai-seo/kawagoe/,1970-01-01
https://nrlc.ai/en-us/services/ecommerce-ai-seo/milwaukee/,1970-01-01
https://nrlc.ai/en-us/services/ecommerce-ai-seo/minneapolis/,1970-01-01
https://nrlc.ai/en-us/services/ecommerce-ai-seo/osaka/,1970-01-01
https://nrlc.ai/en-us/services/ecommerce-ai-seo/oshawa/,1970-01-01
https://nrlc.ai/en-us/services/ecommerce-ai-seo/saitama/,1970-01-01
https://nrlc.ai/en-us/services/ecommerce-ai-seo/tucson/,1970-01-01
https://nrlc.ai/en-us/services/ecommerce-ai-seo/yamagata/,1970-01-01
https://nrlc.ai/en-us/services/entity-optimization-ai/abbotsford/,1970-01-01
https://nrlc.ai/en-us/services/entity-optimization-ai/belfast/,1970-01-01
https://nrlc.ai/en-us/services/entity-optimization-ai/charlotte/,1970-01-01
https://nrlc.ai/en-us/services/entity-optimization-ai/coventry/,1970-01-01
https://nrlc.ai/en-us/services/entity-optimization-ai/denver/,1970-01-01
https://nrlc.ai/en-us/services/entity-optimization-ai/hasuda/,1970-01-01
https://nrlc.ai/en-us/services/entity-optimization-ai/jeju/,1970-01-01
https://nrlc.ai/en-us/services/entity-optimization-ai/kawaguchi/,1970-01-01
https://nrlc.ai/en-us/services/entity-optimization-ai/kitchener/,1970-01-01
https://nrlc.ai/en-us/services/entity-optimization-ai/kurashiki/,1970-01-01
https://nrlc.ai/en-us/services/entity-optimization-ai/minneapolis/,1970-01-01
https://nrlc.ai/en-us/services/entity-optimization-ai/new-orleans/,1970-01-01
https://nrlc.ai/en-us/services/entity-optimization-ai/northampton/,1970-01-01
https://nrlc.ai/en-us/services/entity-optimization-ai/oldham/,1970-01-01
https://nrlc.ai/en-us/services/entity-optimization-ai/portland/,1970-01-01
https://nrlc.ai/en-us/services/entity-optimization-ai/san-jose/,1970-01-01
https://nrlc.ai/en-us/services/entity-optimization-ai/seongnam/,1970-01-01
https://nrlc.ai/en-us/services/entity-optimization-ai/southampton/,1970-01-01
https://nrlc.ai/en-us/services/entity-optimization-ai/toronto/,1970-01-01
https://nrlc.ai/en-us/services/entity-optimization-ai/toyonaka/,1970-01-01
https://nrlc.ai/en-us/services/entity-optimization-ai/yellowknife/,1970-01-01
https://nrlc.ai/en-us/services/entity-recognition-ai/abbotsford/,1970-01-01
https://nrlc.ai/en-us/services/entity-recognition-ai/akita/,1970-01-01
https://nrlc.ai/en-us/services/entity-recognition-ai/albuquerque/,1970-01-01
https://nrlc.ai/en-us/services/entity-recognition-ai/belfast/,1970-01-01
https://nrlc.ai/en-us/services/entity-recognition-ai/burnley/,1970-01-01
https://nrlc.ai/en-us/services/entity-recognition-ai/calgary/,1970-01-01
https://nrlc.ai/en-us/services/entity-recognition-ai/changwon/,1970-01-01
https://nrlc.ai/en-us/services/entity-recognition-ai/daejeon/,1970-01-01
https://nrlc.ai/en-us/services/entity-recognition-ai/huddersfield/,1970-01-01
https://nrlc.ai/en-us/services/entity-recognition-ai/jeju/,1970-01-01
https://nrlc.ai/en-us/services/entity-recognition-ai/jinju/,1970-01-01
https://nrlc.ai/en-us/services/entity-recognition-ai/louisville/,1970-01-01
https://nrlc.ai/en-us/services/entity-recognition-ai/matsuyama/,1970-01-01
https://nrlc.ai/en-us/services/entity-recognition-ai/okayama/,1970-01-01
https://nrlc.ai/en-us/services/entity-recognition-ai/oldham/,1970-01-01
https://nrlc.ai/en-us/services/entity-recognition-ai/osaka/,1970-01-01
https://nrlc.ai/en-us/services/entity-recognition-ai/portland/,1970-01-01
https://nrlc.ai/en-us/services/entity-recognition-ai/sayama/,1970-01-01
https://nrlc.ai/en-us/services/entity-recognition-ai/swansea/,1970-01-01
https://nrlc.ai/en-us/services/entity-recognition-ai/whitehorse/,1970-01-01
https://nrlc.ai/en-us/services/entity-recognition-ai/windsor/,1970-01-01
https://nrlc.ai/en-us/services/entity-recognition-ai/winnipeg/,1970-01-01
https://nrlc.ai/en-us/services/explainability-optimization-ai/ageo/,1970-01-01
https://nrlc.ai/en-us/services/explainability-optimization-ai/blackpool/,1970-01-01
https://nrlc.ai/en-us/services/explainability-optimization-ai/calgary/,1970-01-01
https://nrlc.ai/en-us/services/explainability-optimization-ai/changwon/,1970-01-01
https://nrlc.ai/en-us/services/explainability-optimization-ai/funabashi/,1970-01-01
https://nrlc.ai/en-us/services/explainability-optimization-ai/hiroshima/,1970-01-01
https://nrlc.ai/en-us/services/explainability-optimization-ai/honjo/,1970-01-01
https://nrlc.ai/en-us/services/explainability-optimization-ai/newcastle/,1970-01-01
https://nrlc.ai/en-us/services/explainability-optimization-ai/nishinomiya/,1970-01-01
https://nrlc.ai/en-us/services/explainability-optimization-ai/okegawa/,1970-01-01
https://nrlc.ai/en-us/services/explainability-optimization-ai/sakado/,1970-01-01
https://nrlc.ai/en-us/services/explainability-optimization-ai/shizuoka/,1970-01-01
https://nrlc.ai/en-us/services/explainability-optimization-ai/tulsa/,1970-01-01
https://nrlc.ai/en-us/services/featured-snippets-ai/akita/,1970-01-01
https://nrlc.ai/en-us/services/featured-snippets-ai/colorado-springs/,1970-01-01
https://nrlc.ai/en-us/services/featured-snippets-ai/fujimi/,1970-01-01
https://nrlc.ai/en-us/services/featured-snippets-ai/glasgow/,1970-01-01
https://nrlc.ai/en-us/services/featured-snippets-ai/gwangju/,1970-01-01
https://nrlc.ai/en-us/services/featured-snippets-ai/hamamatsu/,1970-01-01
https://nrlc.ai/en-us/services/featured-snippets-ai/kagoshima/,1970-01-01
https://nrlc.ai/en-us/services/featured-snippets-ai/london/,1970-01-01
https://nrlc.ai/en-us/services/featured-snippets-ai/long-beach/,1970-01-01
https://nrlc.ai/en-us/services/featured-snippets-ai/memphis/,1970-01-01
https://nrlc.ai/en-us/services/featured-snippets-ai/nagoya/,1970-01-01
https://nrlc.ai/en-us/services/featured-snippets-ai/niigata/,1970-01-01
https://nrlc.ai/en-us/services/featured-snippets-ai/oakland/,1970-01-01
https://nrlc.ai/en-us/services/featured-snippets-ai/okegawa/,1970-01-01
https://nrlc.ai/en-us/services/featured-snippets-ai/otsu/,1970-01-01
https://nrlc.ai/en-us/services/featured-snippets-ai/philadelphia/,1970-01-01
https://nrlc.ai/en-us/services/featured-snippets-ai/phoenix/,1970-01-01
https://nrlc.ai/en-us/services/featured-snippets-ai/saitama/,1970-01-01
https://nrlc.ai/en-us/services/featured-snippets-ai/shizuoka/,1970-01-01
https://nrlc.ai/en-us/services/featured-snippets-ai/toda/,1970-01-01
https://nrlc.ai/en-us/services/featured-snippets-ai/toronto/,1970-01-01
https://nrlc.ai/en-us/services/featured-snippets-ai/trois-rivieres/,1970-01-01
https://nrlc.ai/en-us/services/featured-snippets-ai/yongin/,1970-01-01
https://nrlc.ai/en-us/services/freshness-optimization-ai/ageo/,1970-01-01
https://nrlc.ai/en-us/services/freshness-optimization-ai/baltimore/,1970-01-01
https://nrlc.ai/en-us/services/freshness-optimization-ai/cheonan/,1970-01-01
https://nrlc.ai/en-us/services/freshness-optimization-ai/daegu/,1970-01-01
https://nrlc.ai/en-us/services/freshness-optimization-ai/hwasong/,1970-01-01
https://nrlc.ai/en-us/services/freshness-optimization-ai/london/,1970-01-01
https://nrlc.ai/en-us/services/freshness-optimization-ai/montreal/,1970-01-01
https://nrlc.ai/en-us/services/freshness-optimization-ai/portland/,1970-01-01
https://nrlc.ai/en-us/services/freshness-optimization-ai/saitama/,1970-01-01
https://nrlc.ai/en-us/services/freshness-optimization-ai/tucson/,1970-01-01
https://nrlc.ai/en-us/services/freshness-optimization-ai/vancouver/,1970-01-01
https://nrlc.ai/en-us/services/generative-seo/burnley/,1970-01-01
https://nrlc.ai/en-us/services/generative-seo/cambridge/,1970-01-01
https://nrlc.ai/en-us/services/generative-seo/coventry/,1970-01-01
https://nrlc.ai/en-us/services/generative-seo/fujimi/,1970-01-01
https://nrlc.ai/en-us/services/generative-seo/goyang/,1970-01-01
https://nrlc.ai/en-us/services/generative-seo/kagoshima/,1970-01-01
https://nrlc.ai/en-us/services/generative-seo/kurashiki/,1970-01-01
https://nrlc.ai/en-us/services/generative-seo/long-beach/,1970-01-01
https://nrlc.ai/en-us/services/generative-seo/louisville/,1970-01-01
https://nrlc.ai/en-us/services/generative-seo/memphis/,1970-01-01
https://nrlc.ai/en-us/services/generative-seo/morioka/,1970-01-01
https://nrlc.ai/en-us/services/generative-seo/sendai/,1970-01-01
https://nrlc.ai/en-us/services/generative-seo/shizuoka/,1970-01-01
https://nrlc.ai/en-us/services/generative-seo/stockport/,1970-01-01
https://nrlc.ai/en-us/services/generative-seo/swansea/,1970-01-01
https://nrlc.ai/en-us/services/generative-seo/tokyo/,1970-01-01
https://nrlc.ai/en-us/services/generative-seo/toyonaka/,1970-01-01
https://nrlc.ai/en-us/services/generative-seo/yokohama/,1970-01-01
https://nrlc.ai/en-us/services/intent-optimization-ai/abbotsford/,1970-01-01
https://nrlc.ai/en-us/services/intent-optimization-ai/baltimore/,1970-01-01
https://nrlc.ai/en-us/services/intent-optimization-ai/blackpool/,1970-01-01
https://nrlc.ai/en-us/services/intent-optimization-ai/boston/,1970-01-01
https://nrlc.ai/en-us/services/intent-optimization-ai/busan/,1970-01-01
https://nrlc.ai/en-us/services/intent-optimization-ai/calgary/,1970-01-01
https://nrlc.ai/en-us/services/intent-optimization-ai/fresno/,1970-01-01
https://nrlc.ai/en-us/services/intent-optimization-ai/fukuoka/,1970-01-01
https://nrlc.ai/en-us/services/intent-optimization-ai/goyang/,1970-01-01
https://nrlc.ai/en-us/services/intent-optimization-ai/leeds/,1970-01-01
https://nrlc.ai/en-us/services/intent-optimization-ai/london/,1970-01-01
https://nrlc.ai/en-us/services/intent-optimization-ai/manchester/,1970-01-01
https://nrlc.ai/en-us/services/intent-optimization-ai/morioka/,1970-01-01
https://nrlc.ai/en-us/services/intent-optimization-ai/namyangju/,1970-01-01
https://nrlc.ai/en-us/services/intent-optimization-ai/nottingham/,1970-01-01
https://nrlc.ai/en-us/services/intent-optimization-ai/san-jose/,1970-01-01
https://nrlc.ai/en-us/services/intent-optimization-ai/suwon/,1970-01-01
https://nrlc.ai/en-us/services/intent-optimization-ai/washington/,1970-01-01
https://nrlc.ai/en-us/services/intent-optimization-ai/windsor/,1970-01-01
https://nrlc.ai/en-us/services/international-seo/belfast/,1970-01-01
https://nrlc.ai/en-us/services/international-seo/derby/,1970-01-01
https://nrlc.ai/en-us/services/international-seo/gimhae/,1970-01-01
https://nrlc.ai/en-us/services/international-seo/hamamatsu/,1970-01-01
https://nrlc.ai/en-us/services/international-seo/hiroshima/,1970-01-01
https://nrlc.ai/en-us/services/international-seo/jinju/,1970-01-01
https://nrlc.ai/en-us/services/international-seo/kawasaki/,1970-01-01
https://nrlc.ai/en-us/services/international-seo/kazo/,1970-01-01
https://nrlc.ai/en-us/services/international-seo/long-beach/,1970-01-01
https://nrlc.ai/en-us/services/international-seo/miami/,1970-01-01
https://nrlc.ai/en-us/services/international-seo/oakland/,1970-01-01
https://nrlc.ai/en-us/services/international-seo/okayama/,1970-01-01
https://nrlc.ai/en-us/services/international-seo/plymouth/,1970-01-01
https://nrlc.ai/en-us/services/international-seo/souka/,1970-01-01
https://nrlc.ai/en-us/services/json-ld-strategy/abbotsford/,1970-01-01
https://nrlc.ai/en-us/services/json-ld-strategy/baltimore/,1970-01-01
https://nrlc.ai/en-us/services/json-ld-strategy/blackpool/,1970-01-01
https://nrlc.ai/en-us/services/json-ld-strategy/bucheon/,1970-01-01
https://nrlc.ai/en-us/services/json-ld-strategy/cardiff/,1970-01-01
https://nrlc.ai/en-us/services/json-ld-strategy/cheongju/,1970-01-01
https://nrlc.ai/en-us/services/json-ld-strategy/chicago/,1970-01-01
https://nrlc.ai/en-us/services/json-ld-strategy/colorado-springs/,1970-01-01
https://nrlc.ai/en-us/services/json-ld-strategy/huddersfield/,1970-01-01
https://nrlc.ai/en-us/services/json-ld-strategy/kitchener/,1970-01-01
https://nrlc.ai/en-us/services/json-ld-strategy/leeds/,1970-01-01
https://nrlc.ai/en-us/services/json-ld-strategy/long-beach/,1970-01-01
https://nrlc.ai/en-us/services/json-ld-strategy/namyangju/,1970-01-01
https://nrlc.ai/en-us/services/json-ld-strategy/osaka/,1970-01-01
https://nrlc.ai/en-us/services/json-ld-strategy/otsu/,1970-01-01
https://nrlc.ai/en-us/services/json-ld-strategy/plymouth/,1970-01-01
https://nrlc.ai/en-us/services/json-ld-strategy/raleigh/,1970-01-01
https://nrlc.ai/en-us/services/json-ld-strategy/wako/,1970-01-01
https://nrlc.ai/en-us/services/json-ld-strategy/yokohama/,1970-01-01
https://nrlc.ai/en-us/services/knowledge-graph-ai/calgary/,1970-01-01
https://nrlc.ai/en-us/services/knowledge-graph-ai/fukuoka/,1970-01-01
https://nrlc.ai/en-us/services/knowledge-graph-ai/goyang/,1970-01-01
https://nrlc.ai/en-us/services/knowledge-graph-ai/hiroshima/,1970-01-01
https://nrlc.ai/en-us/services/knowledge-graph-ai/honjo/,1970-01-01
https://nrlc.ai/en-us/services/knowledge-graph-ai/incheon/,1970-01-01
https://nrlc.ai/en-us/services/knowledge-graph-ai/indianapolis/,1970-01-01
https://nrlc.ai/en-us/services/knowledge-graph-ai/jeonju/,1970-01-01
https://nrlc.ai/en-us/services/knowledge-graph-ai/kagoshima/,1970-01-01
https://nrlc.ai/en-us/services/knowledge-graph-ai/leicester/,1970-01-01
https://nrlc.ai/en-us/services/knowledge-graph-ai/long-beach/,1970-01-01
https://nrlc.ai/en-us/services/knowledge-graph-ai/minneapolis/,1970-01-01
https://nrlc.ai/en-us/services/knowledge-graph-ai/oldham/,1970-01-01
https://nrlc.ai/en-us/services/knowledge-graph-ai/singapore/,1970-01-01
https://nrlc.ai/en-us/services/knowledge-graph-ai/souka/,1970-01-01
https://nrlc.ai/en-us/services/knowledge-graph-ai/southampton/,1970-01-01
https://nrlc.ai/en-us/services/knowledge-graph-ai/winnipeg/,1970-01-01
https://nrlc.ai/en-us/services/link-building-ai/abbotsford/,1970-01-01
https://nrlc.ai/en-us/services/link-building-ai/arlington/,1970-01-01
https://nrlc.ai/en-us/services/link-building-ai/atlanta/,1970-01-01
https://nrlc.ai/en-us/services/link-building-ai/brighton/,1970-01-01
https://nrlc.ai/en-us/services/link-building-ai/colorado-springs/,1970-01-01
https://nrlc.ai/en-us/services/link-building-ai/daejeon/,1970-01-01
https://nrlc.ai/en-us/services/link-building-ai/gimhae/,1970-01-01
https://nrlc.ai/en-us/services/link-building-ai/guelph/,1970-01-01
https://nrlc.ai/en-us/services/link-building-ai/iqaluit/,1970-01-01
https://nrlc.ai/en-us/services/link-building-ai/leeds/,1970-01-01
https://nrlc.ai/en-us/services/link-building-ai/liverpool/,1970-01-01
https://nrlc.ai/en-us/services/link-building-ai/milwaukee/,1970-01-01
https://nrlc.ai/en-us/services/link-building-ai/montreal/,1970-01-01
https://nrlc.ai/en-us/services/link-building-ai/saitama/,1970-01-01
https://nrlc.ai/en-us/services/link-building-ai/victoria/,1970-01-01
https://nrlc.ai/en-us/services/link-building-ai/yamagata/,1970-01-01
https://nrlc.ai/en-us/services/llm-content-strategy/atlanta/,1970-01-01
https://nrlc.ai/en-us/services/llm-content-strategy/belfast/,1970-01-01
https://nrlc.ai/en-us/services/llm-content-strategy/bristol/,1970-01-01
https://nrlc.ai/en-us/services/llm-content-strategy/burnley/,1970-01-01
https://nrlc.ai/en-us/services/llm-content-strategy/busan/,1970-01-01
https://nrlc.ai/en-us/services/llm-content-strategy/fukaya/,1970-01-01
https://nrlc.ai/en-us/services/llm-content-strategy/goyang/,1970-01-01
https://nrlc.ai/en-us/services/llm-content-strategy/jeju/,1970-01-01
https://nrlc.ai/en-us/services/llm-content-strategy/kansas-city/,1970-01-01
https://nrlc.ai/en-us/services/llm-content-strategy/kingston/,1970-01-01
https://nrlc.ai/en-us/services/llm-content-strategy/kitchener/,1970-01-01
https://nrlc.ai/en-us/services/llm-content-strategy/los-angeles/,1970-01-01
https://nrlc.ai/en-us/services/llm-content-strategy/matsuyama/,1970-01-01
https://nrlc.ai/en-us/services/llm-content-strategy/memphis/,1970-01-01
https://nrlc.ai/en-us/services/llm-content-strategy/new-york/,1970-01-01
https://nrlc.ai/en-us/services/llm-content-strategy/newcastle/,1970-01-01
https://nrlc.ai/en-us/services/llm-content-strategy/san-diego/,1970-01-01
https://nrlc.ai/en-us/services/llm-content-strategy/sendai/,1970-01-01
https://nrlc.ai/en-us/services/llm-content-strategy/southport/,1970-01-01
https://nrlc.ai/en-us/services/llm-content-strategy/tampa/,1970-01-01
https://nrlc.ai/en-us/services/llm-content-strategy/warabi/,1970-01-01
https://nrlc.ai/en-us/services/llm-content-strategy/winnipeg/,1970-01-01
https://nrlc.ai/en-us/services/llm-optimization/anyang/,1970-01-01
https://nrlc.ai/en-us/services/llm-optimization/asahikawa/,1970-01-01
https://nrlc.ai/en-us/services/llm-optimization/belfast/,1970-01-01
https://nrlc.ai/en-us/services/llm-optimization/busan/,1970-01-01
https://nrlc.ai/en-us/services/llm-optimization/charlotte/,1970-01-01
https://nrlc.ai/en-us/services/llm-optimization/gimhae/,1970-01-01
https://nrlc.ai/en-us/services/llm-optimization/kawaguchi/,1970-01-01
https://nrlc.ai/en-us/services/llm-optimization/kingston/,1970-01-01
https://nrlc.ai/en-us/services/llm-optimization/kitakyushu/,1970-01-01
https://nrlc.ai/en-us/services/llm-optimization/kuki/,1970-01-01
https://nrlc.ai/en-us/services/llm-optimization/middlesbrough/,1970-01-01
https://nrlc.ai/en-us/services/llm-optimization/sacramento/,1970-01-01
https://nrlc.ai/en-us/services/llm-optimization/sagamihara/,1970-01-01
https://nrlc.ai/en-us/services/llm-optimization/sudbury/,1970-01-01
https://nrlc.ai/en-us/services/llm-seeding/albuquerque/,1970-01-01
https://nrlc.ai/en-us/services/llm-seeding/derby/,1970-01-01
https://nrlc.ai/en-us/services/llm-seeding/fukuoka/,1970-01-01
https://nrlc.ai/en-us/services/llm-seeding/kawagoe/,1970-01-01
https://nrlc.ai/en-us/services/llm-seeding/kawaguchi/,1970-01-01
https://nrlc.ai/en-us/services/llm-seeding/new-orleans/,1970-01-01
https://nrlc.ai/en-us/services/llm-seeding/omaha/,1970-01-01
https://nrlc.ai/en-us/services/llm-seeding/southampton/,1970-01-01
https://nrlc.ai/en-us/services/llm-seeding/warabi/,1970-01-01
https://nrlc.ai/en-us/services/local-seo-ai/houston/,1970-01-01
https://nrlc.ai/en-us/services/local-seo-ai/ichikawa/,1970-01-01
https://nrlc.ai/en-us/services/local-seo-ai/jeonju/,1970-01-01
https://nrlc.ai/en-us/services/local-seo-ai/kelowna/,1970-01-01
https://nrlc.ai/en-us/services/local-seo-ai/koshigaya/,1970-01-01
https://nrlc.ai/en-us/services/local-seo-ai/london/,1970-01-01
https://nrlc.ai/en-us/services/local-seo-ai/milwaukee/,1970-01-01
https://nrlc.ai/en-us/services/local-seo-ai/morioka/,1970-01-01
https://nrlc.ai/en-us/services/local-seo-ai/nagoya/,1970-01-01
https://nrlc.ai/en-us/services/local-seo-ai/philadelphia/,1970-01-01
https://nrlc.ai/en-us/services/local-seo-ai/phoenix/,1970-01-01
https://nrlc.ai/en-us/services/local-seo-ai/san-diego/,1970-01-01
https://nrlc.ai/en-us/services/local-seo-ai/sapporo/,1970-01-01
https://nrlc.ai/en-us/services/local-seo-ai/trois-rivieres/,1970-01-01
https://nrlc.ai/en-us/services/local-seo-ai/tulsa/,1970-01-01
https://nrlc.ai/en-us/services/local-seo-ai/victoria/,1970-01-01
https://nrlc.ai/en-us/services/local-seo-ai/windsor/,1970-01-01
https://nrlc.ai/en-us/services/local-seo-ai/winnipeg/,1970-01-01
https://nrlc.ai/en-us/services/metadata-optimization-ai/austin/,1970-01-01
https://nrlc.ai/en-us/services/metadata-optimization-ai/burnley/,1970-01-01
https://nrlc.ai/en-us/services/metadata-optimization-ai/colorado-springs/,1970-01-01
https://nrlc.ai/en-us/services/metadata-optimization-ai/daegu/,1970-01-01
https://nrlc.ai/en-us/services/metadata-optimization-ai/denver/,1970-01-01
https://nrlc.ai/en-us/services/metadata-optimization-ai/detroit/,1970-01-01
https://nrlc.ai/en-us/services/metadata-optimization-ai/jacksonville/,1970-01-01
https://nrlc.ai/en-us/services/metadata-optimization-ai/kyoto/,1970-01-01
https://nrlc.ai/en-us/services/metadata-optimization-ai/new-orleans/,1970-01-01
https://nrlc.ai/en-us/services/metadata-optimization-ai/niiza/,1970-01-01
https://nrlc.ai/en-us/services/metadata-optimization-ai/norwich/,1970-01-01
https://nrlc.ai/en-us/services/metadata-optimization-ai/oakland/,1970-01-01
https://nrlc.ai/en-us/services/metadata-optimization-ai/omaha/,1970-01-01
https://nrlc.ai/en-us/services/metadata-optimization-ai/peterborough/,1970-01-01
https://nrlc.ai/en-us/services/metadata-optimization-ai/philadelphia/,1970-01-01
https://nrlc.ai/en-us/services/metadata-optimization-ai/phoenix/,1970-01-01
https://nrlc.ai/en-us/services/metadata-optimization-ai/saitama/,1970-01-01
https://nrlc.ai/en-us/services/metadata-optimization-ai/southport/,1970-01-01
https://nrlc.ai/en-us/services/mobile-seo-ai/arlington/,1970-01-01
https://nrlc.ai/en-us/services/mobile-seo-ai/busan/,1970-01-01
https://nrlc.ai/en-us/services/mobile-seo-ai/charlotte/,1970-01-01
https://nrlc.ai/en-us/services/mobile-seo-ai/fujimi/,1970-01-01
https://nrlc.ai/en-us/services/mobile-seo-ai/gwangju/,1970-01-01
https://nrlc.ai/en-us/services/mobile-seo-ai/iruma/,1970-01-01
https://nrlc.ai/en-us/services/mobile-seo-ai/kasukabe/,1970-01-01
https://nrlc.ai/en-us/services/mobile-seo-ai/kitchener/,1970-01-01
https://nrlc.ai/en-us/services/mobile-seo-ai/kounosu/,1970-01-01
https://nrlc.ai/en-us/services/mobile-seo-ai/kuki/,1970-01-01
https://nrlc.ai/en-us/services/mobile-seo-ai/maebashi/,1970-01-01
https://nrlc.ai/en-us/services/mobile-seo-ai/minneapolis/,1970-01-01
https://nrlc.ai/en-us/services/mobile-seo-ai/norwich/,1970-01-01
https://nrlc.ai/en-us/services/mobile-seo-ai/sagamihara/,1970-01-01
https://nrlc.ai/en-us/services/mobile-seo-ai/saitama/,1970-01-01
https://nrlc.ai/en-us/services/mobile-seo-ai/saskatoon/,1970-01-01
https://nrlc.ai/en-us/services/mobile-seo-ai/stoke-on-trent/,1970-01-01
https://nrlc.ai/en-us/services/mobile-seo-ai/ulsan/,1970-01-01
https://nrlc.ai/en-us/services/multimodal-seo-ai/birmingham/,1970-01-01
https://nrlc.ai/en-us/services/multimodal-seo-ai/coventry/,1970-01-01
https://nrlc.ai/en-us/services/multimodal-seo-ai/daegu/,1970-01-01
https://nrlc.ai/en-us/services/multimodal-seo-ai/denver/,1970-01-01
https://nrlc.ai/en-us/services/multimodal-seo-ai/edinburgh/,1970-01-01
https://nrlc.ai/en-us/services/multimodal-seo-ai/higashimatsuyama/,1970-01-01
https://nrlc.ai/en-us/services/multimodal-seo-ai/hull/,1970-01-01
https://nrlc.ai/en-us/services/multimodal-seo-ai/iruma/,1970-01-01
https://nrlc.ai/en-us/services/multimodal-seo-ai/kounosu/,1970-01-01
https://nrlc.ai/en-us/services/multimodal-seo-ai/kurashiki/,1970-01-01
https://nrlc.ai/en-us/services/multimodal-seo-ai/las-vegas/,1970-01-01
https://nrlc.ai/en-us/services/multimodal-seo-ai/leeds/,1970-01-01
https://nrlc.ai/en-us/services/multimodal-seo-ai/middlesbrough/,1970-01-01
https://nrlc.ai/en-us/services/multimodal-seo-ai/niigata/,1970-01-01
https://nrlc.ai/en-us/services/multimodal-seo-ai/san-francisco/,1970-01-01
https://nrlc.ai/en-us/services/multimodal-seo-ai/seongnam/,1970-01-01
https://nrlc.ai/en-us/services/multimodal-seo-ai/victoria/,1970-01-01
https://nrlc.ai/en-us/services/perplexity-optimization/charlotte/,1970-01-01
https://nrlc.ai/en-us/services/perplexity-optimization/fukaya/,1970-01-01
https://nrlc.ai/en-us/services/perplexity-optimization/hamamatsu/,1970-01-01
https://nrlc.ai/en-us/services/perplexity-optimization/honjo/,1970-01-01
https://nrlc.ai/en-us/services/perplexity-optimization/iqaluit/,1970-01-01
https://nrlc.ai/en-us/services/perplexity-optimization/london/,1970-01-01
https://nrlc.ai/en-us/services/perplexity-optimization/new-orleans/,1970-01-01
https://nrlc.ai/en-us/services/perplexity-optimization/new-york/,1970-01-01
https://nrlc.ai/en-us/services/perplexity-optimization/nishinomiya/,1970-01-01
https://nrlc.ai/en-us/services/perplexity-optimization/okayama/,1970-01-01
https://nrlc.ai/en-us/services/perplexity-optimization/oklahoma-city/,1970-01-01
https://nrlc.ai/en-us/services/perplexity-optimization/portland/,1970-01-01
https://nrlc.ai/en-us/services/perplexity-optimization/saguenay/,1970-01-01
https://nrlc.ai/en-us/services/perplexity-optimization/sakado/,1970-01-01
https://nrlc.ai/en-us/services/perplexity-optimization/san-antonio/,1970-01-01
https://nrlc.ai/en-us/services/perplexity-optimization/seoul/,1970-01-01
https://nrlc.ai/en-us/services/perplexity-optimization/trois-rivieres/,1970-01-01
https://nrlc.ai/en-us/services/perplexity-optimization/wako/,1970-01-01
https://nrlc.ai/en-us/services/perplexity-optimization/yamagata/,1970-01-01
https://nrlc.ai/en-us/services/personalization-ai/austin/,1970-01-01
https://nrlc.ai/en-us/services/personalization-ai/bristol/,1970-01-01
https://nrlc.ai/en-us/services/personalization-ai/coventry/,1970-01-01
https://nrlc.ai/en-us/services/personalization-ai/gwangju/,1970-01-01
https://nrlc.ai/en-us/services/personalization-ai/kurashiki/,1970-01-01
https://nrlc.ai/en-us/services/personalization-ai/middlesbrough/,1970-01-01
https://nrlc.ai/en-us/services/personalization-ai/minneapolis/,1970-01-01
https://nrlc.ai/en-us/services/personalization-ai/montreal/,1970-01-01
https://nrlc.ai/en-us/services/personalization-ai/nishinomiya/,1970-01-01
https://nrlc.ai/en-us/services/personalization-ai/oklahoma-city/,1970-01-01
https://nrlc.ai/en-us/services/personalization-ai/san-antonio/,1970-01-01
https://nrlc.ai/en-us/services/personalization-ai/southend-on-sea/,1970-01-01
https://nrlc.ai/en-us/services/personalization-ai/tokyo/,1970-01-01
https://nrlc.ai/en-us/services/ranking-optimization-ai/bucheon/,1970-01-01
https://nrlc.ai/en-us/services/ranking-optimization-ai/detroit/,1970-01-01
https://nrlc.ai/en-us/services/ranking-optimization-ai/fresno/,1970-01-01
https://nrlc.ai/en-us/services/ranking-optimization-ai/fukuoka/,1970-01-01
https://nrlc.ai/en-us/services/ranking-optimization-ai/fukushima/,1970-01-01
https://nrlc.ai/en-us/services/ranking-optimization-ai/hamilton/,1970-01-01
https://nrlc.ai/en-us/services/ranking-optimization-ai/manchester/,1970-01-01
https://nrlc.ai/en-us/services/ranking-optimization-ai/ottawa/,1970-01-01
https://nrlc.ai/en-us/services/ranking-optimization-ai/singapore/,1970-01-01
https://nrlc.ai/en-us/services/ranking-optimization-ai/souka/,1970-01-01
https://nrlc.ai/en-us/services/ranking-optimization-ai/southend-on-sea/,1970-01-01
https://nrlc.ai/en-us/services/recommendation-ai/barrie/,1970-01-01
https://nrlc.ai/en-us/services/recommendation-ai/belfast/,1970-01-01
https://nrlc.ai/en-us/services/recommendation-ai/boston/,1970-01-01
https://nrlc.ai/en-us/services/recommendation-ai/cheonan/,1970-01-01
https://nrlc.ai/en-us/services/recommendation-ai/hasuda/,1970-01-01
https://nrlc.ai/en-us/services/recommendation-ai/kawasaki/,1970-01-01
https://nrlc.ai/en-us/services/recommendation-ai/kingston/,1970-01-01
https://nrlc.ai/en-us/services/recommendation-ai/las-vegas/,1970-01-01
https://nrlc.ai/en-us/services/recommendation-ai/london/,1970-01-01
https://nrlc.ai/en-us/services/recommendation-ai/oldham/,1970-01-01
https://nrlc.ai/en-us/services/recommendation-ai/omaha/,1970-01-01
https://nrlc.ai/en-us/services/recommendation-ai/peterborough/,1970-01-01
https://nrlc.ai/en-us/services/recommendation-ai/soka/,1970-01-01
https://nrlc.ai/en-us/services/recommendation-ai/stockport/,1970-01-01
https://nrlc.ai/en-us/services/recommendation-ai/sudbury/,1970-01-01
https://nrlc.ai/en-us/services/recommendation-ai/trois-rivieres/,1970-01-01
https://nrlc.ai/en-us/services/recommendation-ai/warabi/,1970-01-01
https://nrlc.ai/en-us/services/relevance-optimization-ai/albuquerque/,1970-01-01
https://nrlc.ai/en-us/services/relevance-optimization-ai/asahikawa/,1970-01-01
https://nrlc.ai/en-us/services/relevance-optimization-ai/busan/,1970-01-01
https://nrlc.ai/en-us/services/relevance-optimization-ai/charlotte/,1970-01-01
https://nrlc.ai/en-us/services/relevance-optimization-ai/fresno/,1970-01-01
https://nrlc.ai/en-us/services/relevance-optimization-ai/indianapolis/,1970-01-01
https://nrlc.ai/en-us/services/relevance-optimization-ai/iqaluit/,1970-01-01
https://nrlc.ai/en-us/services/relevance-optimization-ai/jacksonville/,1970-01-01
https://nrlc.ai/en-us/services/relevance-optimization-ai/kumagaya/,1970-01-01
https://nrlc.ai/en-us/services/relevance-optimization-ai/kumamoto/,1970-01-01
https://nrlc.ai/en-us/services/relevance-optimization-ai/niiza/,1970-01-01
https://nrlc.ai/en-us/services/relevance-optimization-ai/san-antonio/,1970-01-01
https://nrlc.ai/en-us/services/relevance-optimization-ai/san-jose/,1970-01-01
https://nrlc.ai/en-us/services/relevance-optimization-ai/saskatoon/,1970-01-01
https://nrlc.ai/en-us/services/relevance-optimization-ai/victoria/,1970-01-01
https://nrlc.ai/en-us/services/relevance-optimization-ai/wako/,1970-01-01
https://nrlc.ai/en-us/services/retrieval-optimization-ai/barrie/,1970-01-01
https://nrlc.ai/en-us/services/retrieval-optimization-ai/bucheon/,1970-01-01
https://nrlc.ai/en-us/services/retrieval-optimization-ai/detroit/,1970-01-01
https://nrlc.ai/en-us/services/retrieval-optimization-ai/fresno/,1970-01-01
https://nrlc.ai/en-us/services/retrieval-optimization-ai/fukuoka/,1970-01-01
https://nrlc.ai/en-us/services/retrieval-optimization-ai/fukushima/,1970-01-01
https://nrlc.ai/en-us/services/retrieval-optimization-ai/kingston/,1970-01-01
https://nrlc.ai/en-us/services/retrieval-optimization-ai/matsuyama/,1970-01-01
https://nrlc.ai/en-us/services/retrieval-optimization-ai/minneapolis/,1970-01-01
https://nrlc.ai/en-us/services/retrieval-optimization-ai/nagoya/,1970-01-01
https://nrlc.ai/en-us/services/retrieval-optimization-ai/niigata/,1970-01-01
https://nrlc.ai/en-us/services/retrieval-optimization-ai/sendai/,1970-01-01
https://nrlc.ai/en-us/services/retrieval-optimization-ai/sudbury/,1970-01-01
https://nrlc.ai/en-us/services/retrieval-optimization-ai/trois-rivieres/,1970-01-01
https://nrlc.ai/en-us/services/retrieval-optimization-ai/yamagata/,1970-01-01
https://nrlc.ai/en-us/services/schema-markup-ai/bristol/,1970-01-01
https://nrlc.ai/en-us/services/schema-markup-ai/cambridge/,1970-01-01
https://nrlc.ai/en-us/services/schema-markup-ai/cheongju/,1970-01-01
https://nrlc.ai/en-us/services/schema-markup-ai/daejeon/,1970-01-01
https://nrlc.ai/en-us/services/schema-markup-ai/fort-worth/,1970-01-01
https://nrlc.ai/en-us/services/schema-markup-ai/jeonju/,1970-01-01
https://nrlc.ai/en-us/services/schema-markup-ai/kelowna/,1970-01-01
https://nrlc.ai/en-us/services/schema-markup-ai/kobe/,1970-01-01
https://nrlc.ai/en-us/services/schema-markup-ai/las-vegas/,1970-01-01
https://nrlc.ai/en-us/services/schema-markup-ai/milwaukee/,1970-01-01
https://nrlc.ai/en-us/services/schema-markup-ai/sagamihara/,1970-01-01
https://nrlc.ai/en-us/services/schema-markup-ai/washington/,1970-01-01
https://nrlc.ai/en-us/services/schema-markup-ai/yellowknife/,1970-01-01
https://nrlc.ai/en-us/services/semantic-seo-ai/belfast/,1970-01-01
https://nrlc.ai/en-us/services/semantic-seo-ai/brighton/,1970-01-01
https://nrlc.ai/en-us/services/semantic-seo-ai/calgary/,1970-01-01
https://nrlc.ai/en-us/services/semantic-seo-ai/daejeon/,1970-01-01
https://nrlc.ai/en-us/services/semantic-seo-ai/edinburgh/,1970-01-01
https://nrlc.ai/en-us/services/semantic-seo-ai/kazo/,1970-01-01
https://nrlc.ai/en-us/services/semantic-seo-ai/morioka/,1970-01-01
https://nrlc.ai/en-us/services/semantic-seo-ai/namyangju/,1970-01-01
https://nrlc.ai/en-us/services/semantic-seo-ai/osaka/,1970-01-01
https://nrlc.ai/en-us/services/semantic-seo-ai/ottawa/,1970-01-01
https://nrlc.ai/en-us/services/semantic-seo-ai/sendai/,1970-01-01
https://nrlc.ai/en-us/services/semantic-seo-ai/singapore/,1970-01-01
https://nrlc.ai/en-us/services/semantic-seo-ai/winnipeg/,1970-01-01
https://nrlc.ai/en-us/services/semantic-seo-ai/wolverhampton/,1970-01-01
https://nrlc.ai/en-us/services/site-audits/cheonan/,1970-01-01
https://nrlc.ai/en-us/services/site-audits/daegu/,1970-01-01
https://nrlc.ai/en-us/services/site-audits/edinburgh/,1970-01-01
https://nrlc.ai/en-us/services/site-audits/el-paso/,1970-01-01
https://nrlc.ai/en-us/services/site-audits/honjo/,1970-01-01
https://nrlc.ai/en-us/services/site-audits/kasukabe/,1970-01-01
https://nrlc.ai/en-us/services/site-audits/kawaguchi/,1970-01-01
https://nrlc.ai/en-us/services/site-audits/kuki/,1970-01-01
https://nrlc.ai/en-us/services/site-audits/kumagaya/,1970-01-01
https://nrlc.ai/en-us/services/site-audits/kyoto/,1970-01-01
https://nrlc.ai/en-us/services/site-audits/mesa/,1970-01-01
https://nrlc.ai/en-us/services/site-audits/miyashiro/,1970-01-01
https://nrlc.ai/en-us/services/site-audits/norwich/,1970-01-01
https://nrlc.ai/en-us/services/site-audits/okayama/,1970-01-01
https://nrlc.ai/en-us/services/site-audits/oldham/,1970-01-01
https://nrlc.ai/en-us/services/site-audits/ottawa/,1970-01-01
https://nrlc.ai/en-us/services/site-audits/sacramento/,1970-01-01
https://nrlc.ai/en-us/services/site-audits/san-francisco/,1970-01-01
https://nrlc.ai/en-us/services/site-audits/sendai/,1970-01-01
https://nrlc.ai/en-us/services/site-audits/stoke-on-trent/,1970-01-01
https://nrlc.ai/en-us/services/site-audits/ulsan/,1970-01-01
https://nrlc.ai/en-us/services/site-audits/whitehorse/,1970-01-01
https://nrlc.ai/en-us/services/structured-data-ai/atlanta/,1970-01-01
https://nrlc.ai/en-us/services/structured-data-ai/barrie/,1970-01-01
https://nrlc.ai/en-us/services/structured-data-ai/changwon/,1970-01-01
https://nrlc.ai/en-us/services/structured-data-ai/columbus/,1970-01-01
https://nrlc.ai/en-us/services/structured-data-ai/fukuoka/,1970-01-01
https://nrlc.ai/en-us/services/structured-data-ai/funabashi/,1970-01-01
https://nrlc.ai/en-us/services/structured-data-ai/guelph/,1970-01-01
https://nrlc.ai/en-us/services/structured-data-ai/hull/,1970-01-01
https://nrlc.ai/en-us/services/structured-data-ai/kuki/,1970-01-01
https://nrlc.ai/en-us/services/structured-data-ai/middlesbrough/,1970-01-01
https://nrlc.ai/en-us/services/structured-data-ai/niiza/,1970-01-01
https://nrlc.ai/en-us/services/structured-data-ai/norwich/,1970-01-01
https://nrlc.ai/en-us/services/structured-data-ai/oklahoma-city/,1970-01-01
https://nrlc.ai/en-us/services/structured-data-ai/omaha/,1970-01-01
https://nrlc.ai/en-us/services/structured-data-ai/san-jose/,1970-01-01
https://nrlc.ai/en-us/services/structured-data-ai/stoke-on-trent/,1970-01-01
https://nrlc.ai/en-us/services/structured-data-ai/suwon/,1970-01-01
https://nrlc.ai/en-us/services/structured-data-ai/utsunomiya/,1970-01-01
https://nrlc.ai/en-us/services/structured-data-ai/washington/,1970-01-01
https://nrlc.ai/en-us/services/technical-audit-ai/asahikawa/,1970-01-01
https://nrlc.ai/en-us/services/technical-audit-ai/burnley/,1970-01-01
https://nrlc.ai/en-us/services/technical-audit-ai/columbus/,1970-01-01
https://nrlc.ai/en-us/services/technical-audit-ai/el-paso/,1970-01-01
https://nrlc.ai/en-us/services/technical-audit-ai/fukuoka/,1970-01-01
https://nrlc.ai/en-us/services/technical-audit-ai/guelph/,1970-01-01
https://nrlc.ai/en-us/services/technical-audit-ai/hamamatsu/,1970-01-01
https://nrlc.ai/en-us/services/technical-audit-ai/hasuda/,1970-01-01
https://nrlc.ai/en-us/services/technical-audit-ai/kounosu/,1970-01-01
https://nrlc.ai/en-us/services/technical-audit-ai/kumagaya/,1970-01-01
https://nrlc.ai/en-us/services/technical-audit-ai/los-angeles/,1970-01-01
https://nrlc.ai/en-us/services/technical-audit-ai/montreal/,1970-01-01
https://nrlc.ai/en-us/services/technical-audit-ai/okegawa/,1970-01-01
https://nrlc.ai/en-us/services/technical-audit-ai/portland/,1970-01-01
https://nrlc.ai/en-us/services/technical-audit-ai/quebec-city/,1970-01-01
https://nrlc.ai/en-us/services/technical-audit-ai/shizuoka/,1970-01-01
https://nrlc.ai/en-us/services/technical-audit-ai/tokyo/,1970-01-01
https://nrlc.ai/en-us/services/technical-audit-ai/tulsa/,1970-01-01
https://nrlc.ai/en-us/services/technical-seo/albuquerque/,1970-01-01
https://nrlc.ai/en-us/services/technical-seo/austin/,1970-01-01
https://nrlc.ai/en-us/services/technical-seo/daegu/,1970-01-01
https://nrlc.ai/en-us/services/technical-seo/guelph/,1970-01-01
https://nrlc.ai/en-us/services/technical-seo/hiroshima/,1970-01-01
https://nrlc.ai/en-us/services/technical-seo/kitchener/,1970-01-01
https://nrlc.ai/en-us/services/technical-seo/kounosu/,1970-01-01
https://nrlc.ai/en-us/services/technical-seo/leeds/,1970-01-01
https://nrlc.ai/en-us/services/technical-seo/mito/,1970-01-01
https://nrlc.ai/en-us/services/technical-seo/montreal/,1970-01-01
https://nrlc.ai/en-us/services/technical-seo/morioka/,1970-01-01
https://nrlc.ai/en-us/services/technical-seo/new-orleans/,1970-01-01
https://nrlc.ai/en-us/services/technical-seo/nottingham/,1970-01-01
https://nrlc.ai/en-us/services/technical-seo/san-jose/,1970-01-01
https://nrlc.ai/en-us/services/technical-seo/saskatoon/,1970-01-01
https://nrlc.ai/en-us/services/technical-seo/southend-on-sea/,1970-01-01
https://nrlc.ai/en-us/services/technical-seo/toda/,1970-01-01
https://nrlc.ai/en-us/services/technical-seo/victoria/,1970-01-01
https://nrlc.ai/en-us/services/technical-seo/west-bromwich/,1970-01-01
https://nrlc.ai/en-us/services/topic-modeling-ai/arlington/,1970-01-01
https://nrlc.ai/en-us/services/topic-modeling-ai/belfast/,1970-01-01
https://nrlc.ai/en-us/services/topic-modeling-ai/bucheon/,1970-01-01
https://nrlc.ai/en-us/services/topic-modeling-ai/cardiff/,1970-01-01
https://nrlc.ai/en-us/services/topic-modeling-ai/charlotte/,1970-01-01
https://nrlc.ai/en-us/services/topic-modeling-ai/denver/,1970-01-01
https://nrlc.ai/en-us/services/topic-modeling-ai/hwasong/,1970-01-01
https://nrlc.ai/en-us/services/topic-modeling-ai/koshigaya/,1970-01-01
https://nrlc.ai/en-us/services/topic-modeling-ai/kumamoto/,1970-01-01
https://nrlc.ai/en-us/services/topic-modeling-ai/mito/,1970-01-01
https://nrlc.ai/en-us/services/topic-modeling-ai/peterborough/,1970-01-01
https://nrlc.ai/en-us/services/topic-modeling-ai/sacramento/,1970-01-01
https://nrlc.ai/en-us/services/topic-modeling-ai/sendai/,1970-01-01
https://nrlc.ai/en-us/services/topic-modeling-ai/southampton/,1970-01-01
https://nrlc.ai/en-us/services/training/austin/,1970-01-01
https://nrlc.ai/en-us/services/training/cheongju/,1970-01-01
https://nrlc.ai/en-us/services/training/chicago/,1970-01-01
https://nrlc.ai/en-us/services/training/colorado-springs/,1970-01-01
https://nrlc.ai/en-us/services/training/dallas/,1970-01-01
https://nrlc.ai/en-us/services/training/fukushima/,1970-01-01
https://nrlc.ai/en-us/services/training/goyang/,1970-01-01
https://nrlc.ai/en-us/services/training/koshigaya/,1970-01-01
https://nrlc.ai/en-us/services/training/nara/,1970-01-01
https://nrlc.ai/en-us/services/training/oshawa/,1970-01-01
https://nrlc.ai/en-us/services/training/phoenix/,1970-01-01
https://nrlc.ai/en-us/services/training/san-jose/,1970-01-01
https://nrlc.ai/en-us/services/training/winnipeg/,1970-01-01
https://nrlc.ai/en-us/services/transparency-optimization-ai/belfast/,1970-01-01
https://nrlc.ai/en-us/services/transparency-optimization-ai/brighton/,1970-01-01
https://nrlc.ai/en-us/services/transparency-optimization-ai/cheonan/,1970-01-01
https://nrlc.ai/en-us/services/transparency-optimization-ai/columbus/,1970-01-01
https://nrlc.ai/en-us/services/transparency-optimization-ai/detroit/,1970-01-01
https://nrlc.ai/en-us/services/transparency-optimization-ai/hamilton/,1970-01-01
https://nrlc.ai/en-us/services/transparency-optimization-ai/hull/,1970-01-01
https://nrlc.ai/en-us/services/transparency-optimization-ai/kawaguchi/,1970-01-01
https://nrlc.ai/en-us/services/transparency-optimization-ai/liverpool/,1970-01-01
https://nrlc.ai/en-us/services/transparency-optimization-ai/los-angeles/,1970-01-01
https://nrlc.ai/en-us/services/transparency-optimization-ai/omaha/,1970-01-01
https://nrlc.ai/en-us/services/transparency-optimization-ai/san-francisco/,1970-01-01
https://nrlc.ai/en-us/services/transparency-optimization-ai/southport/,1970-01-01
https://nrlc.ai/en-us/services/transparency-optimization-ai/washington/,1970-01-01
https://nrlc.ai/en-us/services/trust-optimization-ai/asaka/,1970-01-01
https://nrlc.ai/en-us/services/trust-optimization-ai/boston/,1970-01-01
https://nrlc.ai/en-us/services/trust-optimization-ai/bucheon/,1970-01-01
https://nrlc.ai/en-us/services/trust-optimization-ai/busan/,1970-01-01
https://nrlc.ai/en-us/services/trust-optimization-ai/fresno/,1970-01-01
https://nrlc.ai/en-us/services/trust-optimization-ai/glasgow/,1970-01-01
https://nrlc.ai/en-us/services/trust-optimization-ai/hasuda/,1970-01-01
https://nrlc.ai/en-us/services/trust-optimization-ai/jeju/,1970-01-01
https://nrlc.ai/en-us/services/trust-optimization-ai/kobe/,1970-01-01
https://nrlc.ai/en-us/services/trust-optimization-ai/kurashiki/,1970-01-01
https://nrlc.ai/en-us/services/trust-optimization-ai/long-beach/,1970-01-01
https://nrlc.ai/en-us/services/trust-optimization-ai/manchester/,1970-01-01
https://nrlc.ai/en-us/services/trust-optimization-ai/mesa/,1970-01-01
https://nrlc.ai/en-us/services/trust-optimization-ai/miyashiro/,1970-01-01
https://nrlc.ai/en-us/services/trust-optimization-ai/regina/,1970-01-01
https://nrlc.ai/en-us/services/trust-optimization-ai/sayama/,1970-01-01
https://nrlc.ai/en-us/services/trust-optimization-ai/shizuoka/,1970-01-01
https://nrlc.ai/en-us/services/trust-optimization-ai/southampton/,1970-01-01
https://nrlc.ai/en-us/services/verification-optimization-ai/abbotsford/,1970-01-01
https://nrlc.ai/en-us/services/verification-optimization-ai/kyoto/,1970-01-01
https://nrlc.ai/en-us/services/verification-optimization-ai/leicester/,1970-01-01
https://nrlc.ai/en-us/services/verification-optimization-ai/mesa/,1970-01-01
https://nrlc.ai/en-us/services/verification-optimization-ai/morioka/,1970-01-01
https://nrlc.ai/en-us/services/verification-optimization-ai/osaka/,1970-01-01
https://nrlc.ai/en-us/services/verification-optimization-ai/singapore/,1970-01-01
https://nrlc.ai/en-us/services/verification-optimization-ai/takamatsu/,1970-01-01
https://nrlc.ai/en-us/services/verification-optimization-ai/vancouver/,1970-01-01
https://nrlc.ai/en-us/services/verification-optimization-ai/west-bromwich/,1970-01-01
https://nrlc.ai/en-us/services/voice-search-optimization/albuquerque/,1970-01-01
https://nrlc.ai/en-us/services/voice-search-optimization/asaka/,1970-01-01
https://nrlc.ai/en-us/services/voice-search-optimization/belfast/,1970-01-01
https://nrlc.ai/en-us/services/voice-search-optimization/boston/,1970-01-01
https://nrlc.ai/en-us/services/voice-search-optimization/edinburgh/,1970-01-01
https://nrlc.ai/en-us/services/voice-search-optimization/fort-worth/,1970-01-01
https://nrlc.ai/en-us/services/voice-search-optimization/hamamatsu/,1970-01-01
https://nrlc.ai/en-us/services/voice-search-optimization/higashimatsuyama/,1970-01-01
https://nrlc.ai/en-us/services/voice-search-optimization/honjo/,1970-01-01
https://nrlc.ai/en-us/services/voice-search-optimization/houston/,1970-01-01
https://nrlc.ai/en-us/services/voice-search-optimization/jinju/,1970-01-01
https://nrlc.ai/en-us/services/voice-search-optimization/kitakyushu/,1970-01-01
https://nrlc.ai/en-us/services/voice-search-optimization/nishinomiya/,1970-01-01
https://nrlc.ai/en-us/services/voice-search-optimization/northampton/,1970-01-01
https://nrlc.ai/en-us/services/voice-search-optimization/nottingham/,1970-01-01
https://nrlc.ai/en-us/services/voice-search-optimization/regina/,1970-01-01
https://nrlc.ai/en-us/services/voice-search-optimization/san-antonio/,1970-01-01
https://nrlc.ai/en-us/services/voice-search-optimization/saskatoon/,1970-01-01
https://nrlc.ai/en-us/services/voice-search-optimization/southend-on-sea/,1970-01-01
https://nrlc.ai/en-us/services/voice-search-optimization/yongin/,1970-01-01
https://nrlc.ai/insights/open-seo-tools/,2025-10-14
https://nrlc.ai/services/analytics/goyang/,2025-10-14
https://nrlc.ai/services/llm-seeding/new-york/,2025-10-14
