Top pages,Clicks,Impressions,CTR,Position
https://nrlc.ai/insights/open-seo-tools/,1,242,0.41%,76.36
https://nrlc.ai/services/site-audits/san-francisco/,1,10,10%,4.7
https://nrlc.ai/fr-fr/careers/stockport/seo-specialist/,1,1,100%,2
https://nrlc.ai/careers/daejeon/schema-engineer/,1,1,100%,173
https://nrlc.ai/careers/kawagoe/schema-engineer/,1,1,100%,175
https://nrlc.ai/careers/incheon/schema-engineer/,1,1,100%,181
http://nrlc.ai/insights/open-seo-tools/,0,78,0%,57.32
https://nrlc.ai/de-de/services/mobile-seo-ai/singapore/,0,68,0%,51.76
https://nrlc.ai/en-gb/services/generative-seo/glasgow/,0,35,0%,14.86
https://nrlc.ai/en-us/services/copilot-optimization/kuki/,0,32,0%,51.22
https://nrlc.ai/es-es/services/site-audits/newcastle/,0,32,0%,57.88
https://nrlc.ai/fr-fr/services/site-audits/belfast/,0,28,0%,88.96
https://nrlc.ai/de-de/services/link-building-ai/southampton/,0,26,0%,22.46
https://nrlc.ai/en-gb/services/copilot-optimization/san-francisco/,0,25,0%,95.04
https://nrlc.ai/en-gb/services/b2b-seo-ai/southend-on-sea/,0,23,0%,80.61
https://nrlc.ai/en-gb/services/contextual-seo-ai/southport/,0,22,0%,82.14
https://nrlc.ai/en-us/services/conversion-optimization-ai/abbotsford/,0,21,0%,41.62
https://nrlc.ai/careers/blackpool/technical-writer/,0,17,0%,3.59
https://nrlc.ai/services/conversion-optimization-ai/birmingham/,0,16,0%,52.5
https://nrlc.ai/es-es/services/copilot-optimization/busan/,0,16,0%,73.56
https://nrlc.ai/en-gb/services/local-seo-ai/southport/,0,15,0%,76.47
https://nrlc.ai/en-gb/services/relevance-optimization-ai/oshawa/,0,15,0%,78.4
https://nrlc.ai/de-de/services/chatgpt-optimization/kansas-city/,0,14,0%,4.21
https://nrlc.ai/en-gb/services/ecommerce-ai-seo/huddersfield/,0,14,0%,79.93
https://nrlc.ai/insights/semantic-drift-tracking/,0,13,0%,6.08
https://nrlc.ai/services/conversion-optimization-ai/albuquerque/,0,13,0%,23.62
https://nrlc.ai/en-gb/services/generative-seo/houston/,0,13,0%,56.85
https://nrlc.ai/services/local-seo-ai/coventry/,0,13,0%,76.38
https://nrlc.ai/en-us/insights/goldmine-google-title-selection/,0,12,0%,7.33
https://nrlc.ai/services/b2b-seo-ai/southend-on-sea/,0,12,0%,70.67
https://nrlc.ai/en-gb/careers/huddersfield/seo-specialist/,0,11,0%,68.91
https://nrlc.ai/en-us/services/site-audits/chicago/,0,11,0%,70.45
https://nrlc.ai/services/conversion-optimization-ai/omaha/,0,10,0%,21.7
https://nrlc.ai/es-es/services/ai-search-optimization/glasgow/,0,10,0%,55.5
https://nrlc.ai/services/technical-seo/birmingham/,0,10,0%,77.4
https://nrlc.ai/careers/tampa/llm-strategist/,0,9,0%,2.78
https://nrlc.ai/es-es/services/b2b-seo-ai/sayama/,0,9,0%,5.11
https://nrlc.ai/en-us/services/conversion-optimization-ai/tucson/,0,9,0%,23.44
https://nrlc.ai/en-us/services/conversion-optimization-ai/columbus/,0,9,0%,29.33
https://nrlc.ai/services/agentic-seo/glasgow/,0,9,0%,48.89
https://nrlc.ai/careers/middlesbrough/seo-specialist/,0,9,0%,49.44
https://nrlc.ai/en-gb/services/content-optimization-ai/jacksonville/,0,9,0%,73.22
https://nrlc.ai/insights/geo16-introduction/,0,8,0%,4.5
https://nrlc.ai/services/content-optimization-ai/singapore/,0,8,0%,44.75
https://nrlc.ai/en-us/services/semantic-seo-ai/jacksonville/,0,8,0%,55.5
https://nrlc.ai/ko-kr/services/perplexity-optimization/oldham/,0,8,0%,55.88
https://nrlc.ai/services/explainability-optimization-ai/singapore/,0,8,0%,57.38
https://nrlc.ai/es-es/services/site-audits/hull/,0,8,0%,62.75
https://nrlc.ai/fr-fr/services/perplexity-optimization/sejong/,0,8,0%,65.12
https://nrlc.ai/de-de/services/international-seo/jacksonville/,0,8,0%,74.38
https://nrlc.ai/en-gb/services/ai-search-optimization/southport/,0,8,0%,79.62
https://nrlc.ai/services/schema-markup-ai/jacksonville/,0,7,0%,3.14
https://nrlc.ai/en-us/careers/vancouver/llm-strategist/,0,7,0%,3.86
https://nrlc.ai/services/copilot-optimization/chicago/,0,7,0%,16.86
http://nrlc.ai/en-us/services/ranking-optimization-ai/stockport/,0,7,0%,41.86
https://nrlc.ai/services/voice-search-optimization/stockport/,0,7,0%,62.57
https://nrlc.ai/en-gb/services/content-optimization-ai/stockport/,0,7,0%,66.43
https://nrlc.ai/de-de/services/ecommerce-ai-seo/guelph/,0,7,0%,73.14
https://nrlc.ai/en-us/careers/toronto/technical-writer/,0,7,0%,76.14
https://nrlc.ai/en-us/careers/oldham/seo-specialist/,0,7,0%,76.86
https://nrlc.ai/en-gb/services/retrieval-optimization-ai/oshawa/,0,7,0%,77.57
https://nrlc.ai/careers/northampton/seo-specialist/,0,7,0%,81.14
https://nrlc.ai/en-gb/careers/west-bromwich/seo-specialist/,0,7,0%,94.43
https://nrlc.ai/careers/charlotte/technical-writer/?utm_campaign=google_jobs_apply&utm_source=google_jobs_apply&utm_medium=organic,0,6,0%,6.5
https://nrlc.ai/services/content-optimization-ai/bristol/,0,6,0%,11.67
https://nrlc.ai/es-es/services/ai-overviews-optimization/oklahoma-city/,0,6,0%,17.5
https://nrlc.ai/en-gb/services/ai-citation-optimization/nottingham/,0,6,0%,32.67
https://nrlc.ai/fr-fr/careers/plymouth/seo-specialist/,0,6,0%,58.83
https://nrlc.ai/services/featured-snippets-ai/stockport/,0,6,0%,70.5
https://nrlc.ai/en-gb/services/multimodal-seo-ai/oldham/,0,6,0%,72.5
https://nrlc.ai/en-us/services/technical-audit-ai/sheffield/,0,6,0%,86.33
https://nrlc.ai/careers/singapore/seo-specialist/,0,6,0%,90
https://nrlc.ai/de-de/services/multimodal-seo-ai/oshawa/,0,6,0%,92.17
https://nrlc.ai/en-gb/services/relevance-optimization-ai/huddersfield/,0,6,0%,92.83
https://nrlc.ai/ko-kr/services/json-ld-strategy/yokohama/,0,5,0%,3.6
https://nrlc.ai/en-us/insights/semantic-drift-tracking/,0,5,0%,6.2
https://nrlc.ai/en-us/services/conversational-seo-ai/kazo/,0,5,0%,6.8
https://nrlc.ai/services/structured-data-ai/jacksonville/,0,5,0%,30
https://nrlc.ai/fr-fr/services/conversion-optimization-ai/virginia-beach/,0,5,0%,33.8
http://nrlc.ai/services/semantic-seo-ai/columbus/,0,5,0%,40.2
http://nrlc.ai/en-us/services/semantic-seo-ai/jacksonville/,0,5,0%,42.8
https://nrlc.ai/ko-kr/services/perplexity-optimization/anyang/,0,5,0%,51
https://nrlc.ai/services/copilot-optimization/stockport/,0,5,0%,55.4
https://nrlc.ai/en-gb/services/technical-seo/middlesbrough/,0,5,0%,64.4
https://nrlc.ai/en-us/careers/belfast/seo-specialist/,0,5,0%,71
https://nrlc.ai/services/recommendation-ai/middlesbrough/,0,5,0%,73.4
https://nrlc.ai/fr-fr/services/generative-seo/oldham/,0,5,0%,74
http://nrlc.ai/en-us/services/conversion-optimization-ai/huddersfield/,0,5,0%,81
https://nrlc.ai/en-us/services/generative-seo/huddersfield/,0,5,0%,84.6
https://nrlc.ai/careers/bristol/llm-strategist/,0,4,0%,4
https://nrlc.ai/careers/albuquerque/technical-writer/?utm_campaign=google_jobs_apply&utm_source=google_jobs_apply&utm_medium=organic,0,4,0%,8
https://nrlc.ai/de-de/services/voice-search-optimization/san-antonio/,0,4,0%,8.75
http://nrlc.ai/en-us/services/conversational-seo-ai/colorado-springs/,0,4,0%,14.5
https://nrlc.ai/en-gb/services/voice-search-optimization/colorado-springs/,0,4,0%,24.25
https://nrlc.ai/fr-fr/services/conversion-optimization-ai/oklahoma-city/,0,4,0%,29
https://nrlc.ai/en-gb/services/site-audits/stockport/,0,4,0%,34
https://nrlc.ai/es-es/services/ecommerce-ai-seo/montreal/,0,4,0%,35.25
https://nrlc.ai/en-us/services/ranking-optimization-ai/stockport/,0,4,0%,39.25
https://nrlc.ai/en-us/services/conversion-optimization-ai/minneapolis/,0,4,0%,45.25
https://nrlc.ai/en-gb/services/competitor-analysis-ai/chicago/,0,4,0%,48.25
https://nrlc.ai/en-us/services/copilot-optimization/huddersfield/,0,4,0%,54.25
https://nrlc.ai/en-gb/services/bard-optimization/southend-on-sea/,0,4,0%,56.5
https://nrlc.ai/fr-fr/services/generative-seo/windsor/,0,4,0%,62
https://nrlc.ai/fr-fr/services/conversational-seo-ai/indianapolis/,0,4,0%,63.5
https://nrlc.ai/en-us/services/ranking-optimization-ai/southend-on-sea/,0,4,0%,64
https://nrlc.ai/en-gb/services/local-seo-ai/saskatoon/,0,4,0%,64.75
https://nrlc.ai/en-us/services/relevance-optimization-ai/stockport/,0,4,0%,71
https://nrlc.ai/de-de/services/ai-overviews-optimization/indianapolis/,0,4,0%,71.5
https://nrlc.ai/services/retrieval-optimization-ai/oldham/,0,4,0%,72
https://nrlc.ai/es-es/services/conversion-optimization-ai/virginia-beach/,0,4,0%,73
https://nrlc.ai/de-de/services/local-seo-ai/stockport/,0,4,0%,73.75
https://nrlc.ai/en-us/services/llm-optimization/oldham/,0,4,0%,77
https://nrlc.ai/en-us/services/international-seo/singapore/,0,4,0%,79.5
https://nrlc.ai/ko-kr/services/agentic-seo/houston/,0,4,0%,80
https://nrlc.ai/fr-fr/careers/cambridge/seo-specialist/,0,4,0%,81
https://nrlc.ai/en-us/services/generative-seo/oklahoma-city/,0,3,0%,4.33
https://nrlc.ai/en-us/insights/yago-entity-mapping/,0,3,0%,5
https://nrlc.ai/insights/llm-ontology-generation/,0,3,0%,6.67
https://nrlc.ai/insights/geo16-conclusion/,0,3,0%,7.67
https://nrlc.ai/ko-kr/services/technical-audit-ai/kazo/,0,3,0%,8
http://nrlc.ai/en-us/services/llm-content-strategy/san-francisco/,0,3,0%,10.33
https://nrlc.ai/en-us/services/ai-overviews-optimization/bristol/,0,3,0%,11.67
https://nrlc.ai/en-us/services/copilot-optimization/london/,0,3,0%,15.33
https://nrlc.ai/fr-fr/services/technical-seo/miami/,0,3,0%,20
https://nrlc.ai/services/conversion-optimization-ai/sacramento/,0,3,0%,20.67
https://nrlc.ai/services/completeness-optimization-ai/bristol/,0,3,0%,27.33
https://nrlc.ai/en-us/services/ai-search-optimization/omaha/,0,3,0%,34
https://nrlc.ai/en-gb/services/perplexity-optimization/hamamatsu/,0,3,0%,40.33
https://nrlc.ai/services/link-building-ai/stockport/,0,3,0%,40.33
https://nrlc.ai/de-de/services/conversion-optimization-ai/oklahoma-city/,0,3,0%,42.33
https://nrlc.ai/en-us/services/local-seo-ai/stockport/,0,3,0%,43
https://nrlc.ai/fr-fr/careers/ottawa/seo-specialist/,0,3,0%,45.33
https://nrlc.ai/careers/leicester/seo-specialist/,0,3,0%,46.67
https://nrlc.ai/en-gb/services/entity-optimization-ai/glasgow/,0,3,0%,52.67
https://nrlc.ai/en-gb/services/technical-seo/indianapolis/,0,3,0%,53.67
https://nrlc.ai/fr-fr/services/perplexity-optimization/columbus/,0,3,0%,55
https://nrlc.ai/fr-fr/services/site-audits/jacksonville/,0,3,0%,57
https://nrlc.ai/en-gb/services/technical-audit-ai/hull/,0,3,0%,60.67
https://nrlc.ai/es-es/services/llm-content-strategy/newcastle/,0,3,0%,63
https://nrlc.ai/de-de/services/contextual-seo-ai/glasgow/,0,3,0%,63.67
https://nrlc.ai/services/bard-optimization/huddersfield/,0,3,0%,64.67
https://nrlc.ai/services/generative-seo/singapore/,0,3,0%,65
https://nrlc.ai/services/training/houston/,0,3,0%,65
https://nrlc.ai/en-us/services/ecommerce-ai-seo/singapore/,0,3,0%,65.33
https://nrlc.ai/en-us/services/chatgpt-optimization/london/,0,3,0%,67.67
https://nrlc.ai/de-de/services/analytics/nottingham/,0,3,0%,68
https://nrlc.ai/en-gb/services/claude-optimization/stockport/,0,3,0%,68.67
https://nrlc.ai/en-us/services/technical-audit-ai/cambridge/,0,3,0%,69.67
https://nrlc.ai/de-de/services/claude-optimization/southend-on-sea/,0,3,0%,70.67
https://nrlc.ai/services/explainability-optimization-ai/oldham/,0,3,0%,72.33
https://nrlc.ai/fr-fr/careers/northampton/seo-specialist/,0,3,0%,75
https://nrlc.ai/fr-fr/services/ranking-optimization-ai/jacksonville/,0,3,0%,79
https://nrlc.ai/services/international-seo/oldham/,0,3,0%,79.67
https://nrlc.ai/de-de/services/agentic-seo/detroit/,0,3,0%,80.67
https://nrlc.ai/ko-kr/services/analytics/jacksonville/,0,3,0%,80.67
https://nrlc.ai/fr-fr/services/technical-seo/singapore/,0,3,0%,81.33
https://nrlc.ai/services/site-audits/nashville/,0,3,0%,83.33
https://nrlc.ai/careers/norwich/technical-writer/,0,3,0%,85.33
https://nrlc.ai/de-de/services/trust-optimization-ai/huddersfield/,0,3,0%,88.33
https://nrlc.ai/fr-fr/services/b2b-seo-ai/kingston/,0,3,0%,90.33
https://nrlc.ai/es-es/services/technical-seo/phoenix/,0,3,0%,97
https://nrlc.ai/de-de/services/structured-data-ai/raleigh/,0,2,0%,1
https://nrlc.ai/en-us/services/structured-data-ai/fujimi/,0,2,0%,1
https://nrlc.ai/services/ai-overviews-optimization/raleigh/,0,2,0%,1
https://nrlc.ai/careers/albuquerque/seo-specialist/,0,2,0%,1.5
https://nrlc.ai/en-us/services/perplexity-optimization/hamilton/,0,2,0%,2
https://nrlc.ai/en-us/careers/sherbrooke/seo-specialist/,0,2,0%,2.5
https://nrlc.ai/de-de/services/knowledge-graph-ai/charlotte/,0,2,0%,3
https://nrlc.ai/en-gb/services/ecommerce-ai-seo/atlanta/,0,2,0%,4
https://nrlc.ai/ko-kr/services/personalization-ai/kawasaki/,0,2,0%,4
https://nrlc.ai/de-de/services/claude-optimization/glasgow/,0,2,0%,5
https://nrlc.ai/en-gb/services/multimodal-seo-ai/northampton/,0,2,0%,5
https://nrlc.ai/en-us/services/ai-search-optimization/tokyo/,0,2,0%,5
http://nrlc.ai/services/b2b-seo-ai/osaka/,0,2,0%,6
https://nrlc.ai/en-us/careers/boston/seo-specialist/?utm_campaign=google_jobs_apply&utm_source=google_jobs_apply&utm_medium=organic,0,2,0%,6
https://nrlc.ai/insights/geo16-framework/,0,2,0%,6
https://nrlc.ai/en-us/services/chatgpt-optimization/akita/,0,2,0%,6.5
http://nrlc.ai/services/claude-optimization/san-francisco/,0,2,0%,7
https://nrlc.ai/en-gb/services/completeness-optimization-ai/fujimi/,0,2,0%,7
https://nrlc.ai/es-es/services/ai-search-optimization/kansas-city/,0,2,0%,7
https://nrlc.ai/fr-fr/services/conversational-seo-ai/kazo/,0,2,0%,7
http://nrlc.ai/services/llm-content-strategy/edmonton/,0,2,0%,7.5
https://nrlc.ai/en-us/services/accuracy-optimization-ai/wako/,0,2,0%,7.5
https://nrlc.ai/en-gb/services/semantic-seo-ai/edmonton/,0,2,0%,8
https://nrlc.ai/ko-kr/services/ai-search-optimization/newcastle/,0,2,0%,8
https://nrlc.ai/en-us/careers/quebec-city/seo-specialist/,0,2,0%,8.5
https://nrlc.ai/fr-fr/careers/fukuoka/schema-engineer/,0,2,0%,8.5
https://nrlc.ai/es-es/services/recommendation-ai/osaka/,0,2,0%,9
https://nrlc.ai/es-es/services/llm-optimization/iruma/,0,2,0%,9.5
https://nrlc.ai/services/conversion-optimization-ai/halifax/,0,2,0%,9.5
https://nrlc.ai/en-gb/services/json-ld-strategy/charlotte/,0,2,0%,10
https://nrlc.ai/en-us/services/schema-markup-ai/stoke-on-trent/,0,2,0%,10.5
https://nrlc.ai/en-us/services/generative-seo/montreal/,0,2,0%,11
https://nrlc.ai/fr-fr/services/conversational-seo-ai/iruma/,0,2,0%,11
https://nrlc.ai/en-gb/services/transparency-optimization-ai/bristol/,0,2,0%,11.5
https://nrlc.ai/en-us/services/site-audits/fort-worth/,0,2,0%,13
https://nrlc.ai/services/competitor-analysis-ai/stockport/,0,2,0%,17
https://nrlc.ai/en-us/services/technical-seo/charlotte/,0,2,0%,17.5
https://nrlc.ai/en-gb/services/technical-seo/kobe/,0,2,0%,19
https://nrlc.ai/ko-kr/services/voice-search-optimization/manchester/,0,2,0%,19
https://nrlc.ai/ko-kr/services/perplexity-optimization/barrie/,0,2,0%,22
https://nrlc.ai/en-gb/services/conversion-optimization-ai/memphis/,0,2,0%,26
https://nrlc.ai/es-es/services/conversion-optimization-ai/omaha/,0,2,0%,28
https://nrlc.ai/en-us/services/entity-optimization-ai/baltimore/,0,2,0%,28.5
https://nrlc.ai/fr-fr/services/contextual-seo-ai/windsor/,0,2,0%,29
https://nrlc.ai/fr-fr/services/link-building-ai/kelowna/,0,2,0%,32.5
https://nrlc.ai/services/conversational-seo-ai/glasgow/,0,2,0%,33
https://nrlc.ai/en-gb/services/accuracy-optimization-ai/stockport/,0,2,0%,37.5
https://nrlc.ai/services/contextual-seo-ai/oklahoma-city/,0,2,0%,38.5
https://nrlc.ai/services/generative-seo/san-antonio/,0,2,0%,39.5
https://nrlc.ai/services/conversion-optimization-ai/abbotsford/,0,2,0%,43
https://nrlc.ai/en-gb/careers/kansas-city/technical-writer/,0,2,0%,45
https://nrlc.ai/en-gb/services/ai-search-optimization/edinburgh/,0,2,0%,50
https://nrlc.ai/en-gb/services/llm-optimization/london/,0,2,0%,52
http://nrlc.ai/en-us/services/international-seo/chicago/,0,2,0%,52.5
https://nrlc.ai/en-us/services/ranking-optimization-ai/chicago/,0,2,0%,57.5
https://nrlc.ai/en-us/services/ecommerce-ai-seo/blackpool/,0,2,0%,58
http://nrlc.ai/services/technical-seo/derby/,0,2,0%,59
https://nrlc.ai/en-us/services/content-optimization-ai/montreal/,0,2,0%,61
https://nrlc.ai/es-es/services/voice-search-optimization/fort-worth/,0,2,0%,64
https://nrlc.ai/services/personalization-ai/charlotte/,0,2,0%,64.5
https://nrlc.ai/en-us/services/ecommerce-ai-seo/glasgow/,0,2,0%,65.5
https://nrlc.ai/es-es/services/conversion-optimization-ai/los-angeles/,0,2,0%,66.5
https://nrlc.ai/services/ai-overviews-optimization/glasgow/,0,2,0%,66.5
https://nrlc.ai/services/completeness-optimization-ai/stockport/,0,2,0%,66.5
https://nrlc.ai/services/international-seo/singapore/,0,2,0%,72
https://nrlc.ai/ko-kr/services/perplexity-optimization/huddersfield/,0,2,0%,72.5
https://nrlc.ai/services/local-seo-ai/middlesbrough/,0,2,0%,72.5
https://nrlc.ai/en-us/services/agentic-seo/indianapolis/,0,2,0%,73.5
https://nrlc.ai/en-gb/services/featured-snippets-ai/oldham/,0,2,0%,75.5
https://nrlc.ai/de-de/services/b2b-seo-ai/stockport/,0,2,0%,77.5
https://nrlc.ai/services/llm-seeding/,0,2,0%,77.5
https://nrlc.ai/es-es/services/local-seo-ai/stoke-on-trent/,0,2,0%,78
https://nrlc.ai/en-us/services/conversational-seo-ai/charlotte/,0,2,0%,81
https://nrlc.ai/en-us/services/ranking-optimization-ai/southport/,0,2,0%,81
https://nrlc.ai/de-de/careers/vancouver/seo-specialist/,0,2,0%,84
https://nrlc.ai/services/site-audits/middlesbrough/,0,2,0%,84
https://nrlc.ai/en-gb/services/technical-seo/west-bromwich/,0,2,0%,87.5
https://nrlc.ai/en-us/careers/peterborough/seo-specialist/,0,2,0%,87.5
https://nrlc.ai/fr-fr/services/entity-optimization-ai/southend-on-sea/,0,2,0%,87.5
https://nrlc.ai/es-es/services/llm-optimization/southport/,0,2,0%,88
https://nrlc.ai/en-gb/careers/san-francisco/seo-specialist/,0,2,0%,89
https://nrlc.ai/es-es/services/mobile-seo-ai/southport/,0,2,0%,92
https://nrlc.ai/de-de/services/site-audits/belfast/,0,2,0%,92.5
https://nrlc.ai/en-gb/services/conversion-optimization-ai/kansas-city/,0,2,0%,92.5
https://nrlc.ai/fr-fr/services/personalization-ai/kingston/,0,2,0%,92.5
https://nrlc.ai/fr-fr/services/semantic-seo-ai/southport/,0,2,0%,94.5
https://nrlc.ai/en-us/services/agentic-seo/leicester/,0,2,0%,95.5
https://nrlc.ai/fr-fr/services/multimodal-seo-ai/guelph/,0,2,0%,96.5
https://nrlc.ai/fr-fr/services/conversational-seo-ai/southport/,0,2,0%,97.5
https://nrlc.ai/services/content-optimization-ai/newcastle/,0,2,0%,98
https://nrlc.ai/ko-kr/careers/norwich/seo-specialist/,0,2,0%,99
https://nrlc.ai/careers/sendai/schema-engineer/,0,2,0%,109.5
https://nrlc.ai/careers/derby/technical-writer/,0,1,0%,1
https://nrlc.ai/careers/san-antonio/llm-strategist/,0,1,0%,1
https://nrlc.ai/en-us/services/copilot-optimization/nara/,0,1,0%,1
https://nrlc.ai/en-us/services/link-building-ai/kazo/,0,1,0%,1
https://nrlc.ai/en-us/services/schema-markup-ai/ageo/,0,1,0%,1
https://nrlc.ai/es-es/services/technical-seo/asaka/,0,1,0%,1
https://nrlc.ai/fr-fr/services/llm-optimization/hamilton/,0,1,0%,1
https://nrlc.ai/ko-kr/services/json-ld-strategy/winnipeg/,0,1,0%,1
https://nrlc.ai/ko-kr/services/technical-seo/hamamatsu/,0,1,0%,1
https://nrlc.ai/services/ai-overviews-optimization/matsuyama/,0,1,0%,1
https://nrlc.ai/services/ai-search-optimization/ageo/,0,1,0%,1
https://nrlc.ai/services/llm-content-strategy/edmonton/,0,1,0%,1
https://nrlc.ai/services/llm-seeding/goyang/,0,1,0%,1
https://nrlc.ai/services/semantic-seo-ai/souka/,0,1,0%,1
https://nrlc.ai/services/technical-audit-ai/osaka/,0,1,0%,1
https://nrlc.ai/,0,1,0%,2
https://nrlc.ai/careers/,0,1,0%,2
https://nrlc.ai/careers/kazo/seo-specialist/?utm_campaign=google_jobs_apply&utm_source=google_jobs_apply&utm_medium=organic,0,1,0%,2
https://nrlc.ai/en-us/careers/seattle/llm-strategist/?utm_campaign=google_jobs_apply&utm_source=google_jobs_apply&utm_medium=organic,0,1,0%,2
https://nrlc.ai/en-us/services/schema-markup-ai/kansas-city/,0,1,0%,2
https://nrlc.ai/fr-fr/services/llm-seeding/raleigh/,0,1,0%,2
https://nrlc.ai/services/content-optimization-ai/ageo/,0,1,0%,2
https://nrlc.ai/services/llm-content-strategy/sapporo/,0,1,0%,2
https://nrlc.ai/services/llm-optimization/tokyo/,0,1,0%,2
https://nrlc.ai/services/verification-optimization-ai/ageo/,0,1,0%,2
https://nrlc.ai/careers/edmonton/llm-strategist/,0,1,0%,3
https://nrlc.ai/careers/singapore/llm-strategist/,0,1,0%,3
https://nrlc.ai/de-de/services/b2b-seo-ai/sayama/,0,1,0%,3
https://nrlc.ai/de-de/services/structured-data-ai/ageo/,0,1,0%,3
https://nrlc.ai/en-gb/services/b2b-seo-ai/hamamatsu/,0,1,0%,3
https://nrlc.ai/en-gb/services/crawl-clarity/miyashiro/,0,1,0%,3
https://nrlc.ai/en-gb/services/json-ld-strategy/peterborough/,0,1,0%,3
https://nrlc.ai/en-us/services/link-building-ai/ansan/,0,1,0%,3
https://nrlc.ai/en-us/services/llm-optimization/new-york/,0,1,0%,3
http://nrlc.ai/services/generative-seo/oklahoma-city/,0,1,0%,4
https://nrlc.ai/de-de/services/link-building-ai/ulsan/,0,1,0%,4
https://nrlc.ai/en-gb/careers/hamilton/schema-engineer/,0,1,0%,4
https://nrlc.ai/en-gb/services/analytics/wako/,0,1,0%,4
https://nrlc.ai/en-gb/services/conversational-seo-ai/souka/,0,1,0%,4
https://nrlc.ai/en-us/services/technical-audit-ai/brighton/,0,1,0%,4
https://nrlc.ai/es-es/insights/goldmine-google-title-selection/,0,1,0%,4
https://nrlc.ai/es-es/services/llm-content-strategy/houston/,0,1,0%,4
https://nrlc.ai/es-es/services/llm-seeding/edmonton/,0,1,0%,4
https://nrlc.ai/insights/geo16-methodology/,0,1,0%,4
https://nrlc.ai/ko-kr/services/llm-optimization/atlanta/,0,1,0%,4
https://nrlc.ai/ko-kr/services/llm-seeding/cardiff/,0,1,0%,4
https://nrlc.ai/services/entity-recognition-ai/funabashi/,0,1,0%,4
https://nrlc.ai/services/generative-seo/oklahoma-city/,0,1,0%,4
https://nrlc.ai/services/knowledge-graph-ai/goyang/,0,1,0%,4
https://nrlc.ai/services/technical-audit-ai/calgary/,0,1,0%,4
https://nrlc.ai/services/transparency-optimization-ai/wako/,0,1,0%,4
https://nrlc.ai/services/voice-search-optimization/atlanta/,0,1,0%,4
https://nrlc.ai/careers/singapore/seo-specialist/?utm_campaign=google_jobs_apply&utm_source=google_jobs_apply&utm_medium=organic,0,1,0%,5
https://nrlc.ai/de-de/services/ai-search-optimization/kazo/,0,1,0%,5
https://nrlc.ai/de-de/services/crawl-clarity/leeds/,0,1,0%,5
https://nrlc.ai/en-gb/services/copilot-optimization/charlotte/,0,1,0%,5
https://nrlc.ai/en-gb/services/knowledge-graph-ai/arlington/,0,1,0%,5
https://nrlc.ai/en-gb/services/link-building-ai/stockport/,0,1,0%,5
https://nrlc.ai/en-us/careers/sapporo/llm-strategist/,0,1,0%,5
https://nrlc.ai/en-us/services/conversational-seo-ai/iqaluit/,0,1,0%,5
https://nrlc.ai/en-us/services/entity-recognition-ai/honjo/,0,1,0%,5
https://nrlc.ai/en-us/services/trust-optimization-ai/gimhae/,0,1,0%,5
https://nrlc.ai/fr-fr/insights/goldmine-google-title-selection/,0,1,0%,5
https://nrlc.ai/fr-fr/services/authority-optimization-ai/kazo/,0,1,0%,5
https://nrlc.ai/services/,0,1,0%,5
https://nrlc.ai/services/authority-optimization-ai/kazo/,0,1,0%,5
http://nrlc.ai/services/freshness-optimization-ai/okegawa/,0,1,0%,6
https://nrlc.ai/careers/dallas/llm-strategist/,0,1,0%,6
https://nrlc.ai/en-gb/services/authority-optimization-ai/kingston/,0,1,0%,6
https://nrlc.ai/en-us/careers/columbus/seo-specialist/,0,1,0%,6
https://nrlc.ai/en-us/careers/miami/llm-strategist/,0,1,0%,6
https://nrlc.ai/en-us/services/ai-citation-optimization/wako/,0,1,0%,6
https://nrlc.ai/en-us/services/structured-data-ai/kazo/,0,1,0%,6
https://nrlc.ai/en-us/services/training/kazo/,0,1,0%,6
https://nrlc.ai/es-es/services/content-optimization-ai/edmonton/,0,1,0%,6
https://nrlc.ai/fr-fr/services/llm-content-strategy/hull/,0,1,0%,6
https://nrlc.ai/ko-kr/careers/hull/technical-writer/,0,1,0%,6
https://nrlc.ai/ko-kr/services/voice-search-optimization/kawaguchi/,0,1,0%,6
https://nrlc.ai/services/claude-optimization/vancouver/,0,1,0%,6
https://nrlc.ai/services/content-optimization-ai/whitehorse/,0,1,0%,6
https://nrlc.ai/de-de/services/ecommerce-ai-seo/fort-worth/,0,1,0%,7
https://nrlc.ai/en-gb/careers/quebec-city/seo-specialist/,0,1,0%,7
https://nrlc.ai/en-us/services/llm-seeding/stoke-on-trent/,0,1,0%,7
https://nrlc.ai/en-us/services/schema-markup-ai/kazo/,0,1,0%,7
https://nrlc.ai/en-us/services/structured-data-ai/peterborough/,0,1,0%,7
https://nrlc.ai/es-es/careers/fukuoka/seo-specialist/,0,1,0%,7
https://nrlc.ai/es-es/careers/morioka/technical-writer/,0,1,0%,7
https://nrlc.ai/es-es/services/local-seo-ai/tampa/,0,1,0%,7
https://nrlc.ai/es-es/services/structured-data-ai/boston/,0,1,0%,7
https://nrlc.ai/services/entity-recognition-ai/kuki/,0,1,0%,7
https://nrlc.ai/services/technical-seo/edmonton/,0,1,0%,7
https://nrlc.ai/en-us/careers/swansea/technical-writer/,0,1,0%,8
https://nrlc.ai/en-us/services/b2b-seo-ai/iruma/,0,1,0%,8
https://nrlc.ai/en-us/services/knowledge-graph-ai/cambridge/,0,1,0%,8
https://nrlc.ai/en-us/services/relevance-optimization-ai/utsunomiya/,0,1,0%,8
https://nrlc.ai/es-es/careers/fukuoka/technical-writer/,0,1,0%,8
https://nrlc.ai/fr-fr/services/relevance-optimization-ai/busan/,0,1,0%,8
https://nrlc.ai/ko-kr/careers/winnipeg/schema-engineer/,0,1,0%,8
https://nrlc.ai/ko-kr/services/training/yokohama/,0,1,0%,8
https://nrlc.ai/services/authority-optimization-ai/gimhae/,0,1,0%,8
https://nrlc.ai/services/international-seo/columbus/,0,1,0%,8
http://nrlc.ai/services/site-audits/raleigh/,0,1,0%,9
http://nrlc.ai/services/technical-seo/kazo/,0,1,0%,9
https://nrlc.ai/careers/seoul/seo-specialist/,0,1,0%,9
https://nrlc.ai/de-de/insights/goldmine-google-title-selection/,0,1,0%,9
https://nrlc.ai/de-de/services/completeness-optimization-ai/wako/,0,1,0%,9
https://nrlc.ai/en-us/services/accuracy-optimization-ai/okayama/,0,1,0%,9
https://nrlc.ai/es-es/services/structured-data-ai/ansan/,0,1,0%,9
https://nrlc.ai/es-es/services/voice-search-optimization/london/,0,1,0%,9
https://nrlc.ai/fr-fr/careers/fujimi/schema-engineer/,0,1,0%,9
https://nrlc.ai/fr-fr/services/ai-citation-optimization/fukaya/,0,1,0%,9
https://nrlc.ai/fr-fr/services/competitor-analysis-ai/san-francisco/,0,1,0%,9
https://nrlc.ai/ko-kr/careers/miami/seo-specialist/,0,1,0%,9
https://nrlc.ai/ko-kr/services/llm-content-strategy/omaha/,0,1,0%,9
https://nrlc.ai/services/competitor-analysis-ai/edinburgh/,0,1,0%,9
https://nrlc.ai/services/perplexity-optimization/houston/,0,1,0%,9
http://nrlc.ai/services/generative-seo/jeju/,0,1,0%,10
https://nrlc.ai/en-gb/services/ai-search-optimization/detroit/,0,1,0%,10
https://nrlc.ai/en-gb/services/content-optimization-ai/honjo/,0,1,0%,10
https://nrlc.ai/en-gb/services/entity-optimization-ai/goyang/,0,1,0%,10
https://nrlc.ai/en-gb/services/metadata-optimization-ai/leicester/,0,1,0%,10
https://nrlc.ai/en-gb/services/personalization-ai/kazo/,0,1,0%,10
https://nrlc.ai/en-us/services/agentic-seo/sheffield/,0,1,0%,10
https://nrlc.ai/en-us/services/generative-seo/kansas-city/,0,1,0%,10
https://nrlc.ai/en-us/services/llm-optimization/nishinomiya/,0,1,0%,10
https://nrlc.ai/en-us/services/voice-search-optimization/nara/,0,1,0%,10
https://nrlc.ai/es-es/services/llm-optimization/phoenix/,0,1,0%,10
https://nrlc.ai/fr-fr/services/authority-optimization-ai/trois-rivieres/,0,1,0%,10
https://nrlc.ai/fr-fr/services/b2b-seo-ai/anyang/,0,1,0%,10
https://nrlc.ai/insights/yago-entity-mapping/,0,1,0%,10
https://nrlc.ai/ko-kr/services/competitor-analysis-ai/ulsan/,0,1,0%,10
https://nrlc.ai/services/llm-optimization/columbus/,0,1,0%,10
https://nrlc.ai/services/llm-seeding/tokyo/,0,1,0%,10
https://nrlc.ai/careers/new-york/technical-writer/,0,1,0%,11
https://nrlc.ai/de-de/services/contextual-seo-ai/kazo/,0,1,0%,11
https://nrlc.ai/en-gb/careers/oklahoma-city/seo-specialist/,0,1,0%,11
https://nrlc.ai/en-gb/careers/osaka/seo-specialist/,0,1,0%,11
https://nrlc.ai/en-us/services/entity-optimization-ai/hiroshima/,0,1,0%,11
https://nrlc.ai/en-us/services/json-ld-strategy/middlesbrough/,0,1,0%,11
https://nrlc.ai/en-us/services/topic-modeling-ai/el-paso/,0,1,0%,11
https://nrlc.ai/fr-fr/services/perplexity-optimization/manchester/,0,1,0%,11
https://nrlc.ai/ko-kr/services/json-ld-strategy/atlanta/,0,1,0%,11
https://nrlc.ai/services/ai-citation-optimization/boston/,0,1,0%,11
https://nrlc.ai/services/crawl-clarity/san-francisco/,0,1,0%,11
https://nrlc.ai/services/metadata-optimization-ai/boston/,0,1,0%,11
http://nrlc.ai/en-us/services/local-seo-ai/boston/,0,1,0%,12
https://nrlc.ai/de-de/insights/geo16-results/,0,1,0%,12
https://nrlc.ai/de-de/services/content-optimization-ai/san-antonio/,0,1,0%,12
https://nrlc.ai/en-us/services/perplexity-optimization/san-jose/,0,1,0%,12
https://nrlc.ai/en-us/services/topic-modeling-ai/shizuoka/,0,1,0%,12
https://nrlc.ai/services/content-optimization-ai/milwaukee/,0,1,0%,12
https://nrlc.ai/en-us/services/semantic-seo-ai/fort-worth/,0,1,0%,13
https://nrlc.ai/de-de/services/llm-optimization/sheffield/,0,1,0%,14
https://nrlc.ai/en-us/services/competitor-analysis-ai/houston/,0,1,0%,14
https://nrlc.ai/fr-fr/services/voice-search-optimization/manchester/,0,1,0%,15
https://nrlc.ai/services/agentic-seo/singapore/,0,1,0%,16
https://nrlc.ai/services/analytics/leicester/,0,1,0%,16
https://nrlc.ai/en-gb/services/llm-content-strategy/nottingham/,0,1,0%,17
https://nrlc.ai/services/analytics/blackpool/,0,1,0%,17
https://nrlc.ai/services/perplexity-optimization/leicester/,0,1,0%,17
https://nrlc.ai/services/generative-seo/kobe/,0,1,0%,19
http://nrlc.ai/en-us/services/generative-seo/montreal/,0,1,0%,20
http://nrlc.ai/careers/tokyo/technical-writer/,0,1,0%,21
https://nrlc.ai/es-es/services/analytics/blackpool/,0,1,0%,23
https://nrlc.ai/ko-kr/careers/edmonton/seo-specialist/,0,1,0%,23
https://nrlc.ai/careers/brighton/technical-writer/,0,1,0%,24
https://nrlc.ai/de-de/careers/stoke-on-trent/seo-specialist/,0,1,0%,24
https://nrlc.ai/en-us/services/local-seo-ai/albuquerque/,0,1,0%,25
https://nrlc.ai/en-gb/careers/manchester/seo-specialist/,0,1,0%,26
https://nrlc.ai/en-us/services/ai-search-optimization/san-jose/,0,1,0%,26
https://nrlc.ai/fr-fr/services/ranking-optimization-ai/arlington/,0,1,0%,26
https://nrlc.ai/es-es/careers/brighton/seo-specialist/,0,1,0%,27
https://nrlc.ai/de-de/services/conversion-optimization-ai/wolverhampton/,0,1,0%,28
https://nrlc.ai/fr-fr/services/ai-search-optimization/fort-worth/,0,1,0%,29
https://nrlc.ai/ko-kr/services/conversion-optimization-ai/el-paso/,0,1,0%,30
https://nrlc.ai/ko-kr/services/crawl-clarity/los-angeles/,0,1,0%,30
https://nrlc.ai/services/competitor-analysis-ai/sapporo/,0,1,0%,30
https://nrlc.ai/fr-fr/careers/coventry/seo-specialist/,0,1,0%,31
https://nrlc.ai/de-de/services/ranking-optimization-ai/nara/,0,1,0%,32
https://nrlc.ai/en-gb/services/llm-seeding/milwaukee/,0,1,0%,32
https://nrlc.ai/es-es/services/competitor-analysis-ai/houston/,0,1,0%,32
https://nrlc.ai/es-es/services/training/stockport/,0,1,0%,32
https://nrlc.ai/services/freshness-optimization-ai/norwich/,0,1,0%,32
https://nrlc.ai/ko-kr/services/generative-seo/indianapolis/,0,1,0%,33
https://nrlc.ai/ko-kr/services/analytics/stoke-on-trent/,0,1,0%,34
https://nrlc.ai/services/site-audits/raleigh/,0,1,0%,35
https://nrlc.ai/en-gb/careers/glasgow/seo-specialist/,0,1,0%,37
http://nrlc.ai/services/content-optimization-ai/columbus/,0,1,0%,38
https://nrlc.ai/en-us/services/link-building-ai/belfast/,0,1,0%,38
https://nrlc.ai/insights/ontology-based-search/,0,1,0%,38
http://nrlc.ai/services/generative-seo/san-antonio/,0,1,0%,39
https://nrlc.ai/en-us/services/semantic-seo-ai/colorado-springs/,0,1,0%,40
https://nrlc.ai/de-de/services/generative-seo/seattle/,0,1,0%,41
https://nrlc.ai/en-us/services/multimodal-seo-ai/detroit/,0,1,0%,41
https://nrlc.ai/fr-fr/careers/toronto/schema-engineer/,0,1,0%,41
https://nrlc.ai/en-us/services/ai-overviews-optimization/nashville/,0,1,0%,42
https://nrlc.ai/es-es/services/technical-audit-ai/barrie/,0,1,0%,42
https://nrlc.ai/fr-fr/careers/tokyo/technical-writer/,0,1,0%,42
http://nrlc.ai/careers/sheffield/technical-writer/,0,1,0%,43
https://nrlc.ai/en-us/services/generative-seo/omaha/,0,1,0%,43
https://nrlc.ai/fr-fr/services/conversion-optimization-ai/leicester/,0,1,0%,44
https://nrlc.ai/services/conversion-optimization-ai/belfast/,0,1,0%,44
https://nrlc.ai/es-es/services/content-optimization-ai/singapore/,0,1,0%,45
https://nrlc.ai/fr-fr/services/multimodal-seo-ai/detroit/,0,1,0%,45
https://nrlc.ai/en-gb/services/conversion-optimization-ai/baltimore/,0,1,0%,46
https://nrlc.ai/services/verification-optimization-ai/northampton/,0,1,0%,47
https://nrlc.ai/de-de/services/technical-seo/austin/,0,1,0%,48
https://nrlc.ai/en-us/services/ai-citation-optimization/portland/,0,1,0%,49
https://nrlc.ai/careers/sheffield/technical-writer/,0,1,0%,50
https://nrlc.ai/es-es/careers/asahikawa/schema-engineer/,0,1,0%,50
https://nrlc.ai/services/conversational-seo-ai/atlanta/,0,1,0%,50
https://nrlc.ai/en-us/services/ai-overviews-optimization/charlotte/,0,1,0%,51
https://nrlc.ai/services/retrieval-optimization-ai/stockport/,0,1,0%,51
https://nrlc.ai/ko-kr/services/contextual-seo-ai/kansas-city/,0,1,0%,52
https://nrlc.ai/ko-kr/services/contextual-seo-ai/omaha/,0,1,0%,52
https://nrlc.ai/en-us/services/ai-citation-optimization/huddersfield/,0,1,0%,53
https://nrlc.ai/en-gb/services/b2b-seo-ai/nashville/,0,1,0%,55
https://nrlc.ai/en-us/careers/colorado-springs/technical-writer/,0,1,0%,56
https://nrlc.ai/en-gb/services/verification-optimization-ai/oldham/,0,1,0%,57
https://nrlc.ai/en-us/services/personalization-ai/detroit/,0,1,0%,57
https://nrlc.ai/ko-kr/services/analytics/charlotte/,0,1,0%,58
https://nrlc.ai/ko-kr/services/trust-optimization-ai/fort-worth/,0,1,0%,58
https://nrlc.ai/de-de/services/multimodal-seo-ai/atlanta/,0,1,0%,59
https://nrlc.ai/en-gb/careers/belfast/technical-writer/,0,1,0%,59
https://nrlc.ai/fr-fr/services/technical-seo/sudbury/,0,1,0%,59
https://nrlc.ai/services/perplexity-optimization/oldham/,0,1,0%,60
https://nrlc.ai/de-de/services/site-audits/hull/,0,1,0%,63
https://nrlc.ai/en-gb/services/content-optimization-ai/huddersfield/,0,1,0%,63
https://nrlc.ai/de-de/services/link-building-ai/minneapolis/,0,1,0%,64
https://nrlc.ai/de-de/services/site-audits/huddersfield/,0,1,0%,64
https://nrlc.ai/en-gb/services/site-audits/ottawa/,0,1,0%,64
https://nrlc.ai/services/technical-audit-ai/phoenix/,0,1,0%,64
https://nrlc.ai/en-gb/services/recommendation-ai/philadelphia/,0,1,0%,65
https://nrlc.ai/en-us/services/conversational-seo-ai/norwich/,0,1,0%,65
https://nrlc.ai/careers/belfast/seo-specialist/,0,1,0%,66
https://nrlc.ai/en-gb/services/intent-optimization-ai/singapore/,0,1,0%,66
https://nrlc.ai/services/ranking-optimization-ai/denver/,0,1,0%,66
https://nrlc.ai/ko-kr/services/ai-search-optimization/charlotte/,0,1,0%,68
https://nrlc.ai/en-us/careers/coventry/technical-writer/,0,1,0%,70
https://nrlc.ai/en-gb/services/recommendation-ai/northampton/,0,1,0%,71
https://nrlc.ai/fr-fr/services/retrieval-optimization-ai/fort-worth/,0,1,0%,72
https://nrlc.ai/ko-kr/services/chatgpt-optimization/oldham/,0,1,0%,72
https://nrlc.ai/ko-kr/services/conversion-optimization-ai/glasgow/,0,1,0%,72
https://nrlc.ai/de-de/careers/asahikawa/technical-writer/,0,1,0%,73
https://nrlc.ai/en-gb/services/agentic-seo/huddersfield/,0,1,0%,73
https://nrlc.ai/en-gb/services/b2b-seo-ai/baltimore/,0,1,0%,73
https://nrlc.ai/en-gb/services/local-seo-ai/omaha/,0,1,0%,73
https://nrlc.ai/en-gb/services/semantic-seo-ai/kansas-city/,0,1,0%,73
https://nrlc.ai/es-es/services/local-seo-ai/kingston/,0,1,0%,73
https://nrlc.ai/de-de/services/ai-search-optimization/seattle/,0,1,0%,74
https://nrlc.ai/en-gb/services/semantic-seo-ai/oldham/,0,1,0%,74
https://nrlc.ai/ko-kr/services/generative-seo/coventry/,0,1,0%,74
https://nrlc.ai/es-es/careers/huddersfield/technical-writer/,0,1,0%,75
https://nrlc.ai/fr-fr/services/conversational-seo-ai/san-jose/,0,1,0%,75
https://nrlc.ai/fr-fr/services/featured-snippets-ai/southend-on-sea/,0,1,0%,76
https://nrlc.ai/ko-kr/services/mobile-seo-ai/stockport/,0,1,0%,76
https://nrlc.ai/en-gb/services/llm-optimization/birmingham/,0,1,0%,77
https://nrlc.ai/en-gb/services/personalization-ai/northampton/,0,1,0%,78
https://nrlc.ai/ko-kr/services/multimodal-seo-ai/oklahoma-city/,0,1,0%,78
http://nrlc.ai/en-us/services/generative-seo/huddersfield/,0,1,0%,79
https://nrlc.ai/de-de/services/ai-search-optimization/raleigh/,0,1,0%,79
https://nrlc.ai/services/ecommerce-ai-seo/peterborough/,0,1,0%,79
https://nrlc.ai/es-es/services/intent-optimization-ai/huddersfield/,0,1,0%,80
https://nrlc.ai/en-us/services/recommendation-ai/phoenix/,0,1,0%,81
https://nrlc.ai/en-us/services/technical-seo/middlesbrough/,0,1,0%,81
https://nrlc.ai/fr-fr/services/multimodal-seo-ai/sudbury/,0,1,0%,81
https://nrlc.ai/services/conversational-seo-ai/baltimore/,0,1,0%,81
https://nrlc.ai/en-us/services/authority-optimization-ai/jacksonville/,0,1,0%,82
https://nrlc.ai/en-us/services/local-seo-ai/belfast/,0,1,0%,82
https://nrlc.ai/en-us/services/relevance-optimization-ai/hull/,0,1,0%,82
https://nrlc.ai/es-es/careers/virginia-beach/seo-specialist/,0,1,0%,82
https://nrlc.ai/fr-fr/services/multimodal-seo-ai/singapore/,0,1,0%,82
https://nrlc.ai/ko-kr/services/ranking-optimization-ai/kansas-city/,0,1,0%,82
https://nrlc.ai/ko-kr/services/site-audits/philadelphia/,0,1,0%,82
https://nrlc.ai/en-us/services/analytics/fort-worth/,0,1,0%,83
https://nrlc.ai/en-us/services/b2b-seo-ai/huddersfield/,0,1,0%,83
https://nrlc.ai/services/technical-seo/saguenay/,0,1,0%,83
https://nrlc.ai/de-de/services/ai-search-optimization/southend-on-sea/,0,1,0%,85
https://nrlc.ai/es-es/services/local-seo-ai/coventry/,0,1,0%,85
https://nrlc.ai/ko-kr/services/authority-optimization-ai/nottingham/,0,1,0%,85
https://nrlc.ai/en-us/services/ai-search-optimization/tucson/,0,1,0%,86
https://nrlc.ai/ko-kr/services/crawl-clarity/oldham/,0,1,0%,86
https://nrlc.ai/services/agentic-seo/southport/,0,1,0%,86
https://nrlc.ai/services/metadata-optimization-ai/oldham/,0,1,0%,86
https://nrlc.ai/en-gb/services/conversational-seo-ai/huddersfield/,0,1,0%,87
https://nrlc.ai/en-us/services/contextual-seo-ai/stockport/,0,1,0%,87
https://nrlc.ai/services/copilot-optimization/oldham/,0,1,0%,87
https://nrlc.ai/de-de/services/b2b-seo-ai/philadelphia/,0,1,0%,88
https://nrlc.ai/es-es/careers/northampton/technical-writer/,0,1,0%,88
https://nrlc.ai/en-us/services/mobile-seo-ai/saguenay/,0,1,0%,89
https://nrlc.ai/fr-fr/services/b2b-seo-ai/charlotte/,0,1,0%,89
https://nrlc.ai/ko-kr/services/recommendation-ai/southend-on-sea/,0,1,0%,90
https://nrlc.ai/services/llm-content-strategy/seattle/,0,1,0%,90
https://nrlc.ai/en-us/services/mobile-seo-ai/fort-worth/,0,1,0%,91
https://nrlc.ai/en-us/services/mobile-seo-ai/nashville/,0,1,0%,91
https://nrlc.ai/services/content-optimization-ai/windsor/,0,1,0%,91
https://nrlc.ai/en-us/services/international-seo/windsor/,0,1,0%,92
https://nrlc.ai/services/content-optimization-ai/denver/,0,1,0%,92
https://nrlc.ai/fr-fr/services/site-audits/stockport/,0,1,0%,93
https://nrlc.ai/ko-kr/services/copilot-optimization/calgary/,0,1,0%,93
https://nrlc.ai/fr-fr/services/multimodal-seo-ai/oldham/,0,1,0%,94
https://nrlc.ai/de-de/services/knowledge-graph-ai/stockport/,0,1,0%,95
https://nrlc.ai/en-gb/services/b2b-seo-ai/dallas/,0,1,0%,95
https://nrlc.ai/en-gb/services/verification-optimization-ai/kansas-city/,0,1,0%,95
https://nrlc.ai/en-us/services/ecommerce-ai-seo/ottawa/,0,1,0%,95
https://nrlc.ai/en-us/services/site-audits/blackpool/,0,1,0%,95
https://nrlc.ai/services/authority-optimization-ai/huddersfield/,0,1,0%,95
https://nrlc.ai/en-gb/services/llm-optimization/coventry/,0,1,0%,97
https://nrlc.ai/en-gb/services/topic-modeling-ai/barrie/,0,1,0%,97
https://nrlc.ai/de-de/services/ai-search-optimization/middlesbrough/,0,1,0%,98
https://nrlc.ai/de-de/services/training/dallas/,0,1,0%,98
https://nrlc.ai/en-us/careers/southport/seo-specialist/,0,1,0%,98
https://nrlc.ai/es-es/careers/kingston/seo-specialist/,0,1,0%,98
https://nrlc.ai/fr-fr/services/local-seo-ai/kingston/,0,1,0%,98
https://nrlc.ai/en-gb/services/trust-optimization-ai/saskatoon/,0,1,0%,99
https://nrlc.ai/en-us/services/mobile-seo-ai/chicago/,0,1,0%,99
https://nrlc.ai/en-us/services/retrieval-optimization-ai/singapore/,0,1,0%,99
https://nrlc.ai/en-us/services/technical-seo/tampa/,0,1,0%,99
https://nrlc.ai/services/content-optimization-ai/sudbury/,0,1,0%,99
https://nrlc.ai/en-gb/services/contextual-seo-ai/brighton/,0,1,0%,100
https://nrlc.ai/en-gb/services/perplexity-optimization/daejeon/,0,1,0%,100
https://nrlc.ai/fr-fr/services/contextual-seo-ai/oshawa/,0,1,0%,100
https://nrlc.ai/services/generative-seo/oshawa/,0,1,0%,100
https://nrlc.ai/en-gb/careers/abbotsford/seo-specialist/,0,1,0%,101
https://nrlc.ai/en-us/services/generative-seo/guelph/,0,1,0%,102
https://nrlc.ai/en-us/services/site-audits/toronto/,0,1,0%,102
https://nrlc.ai/careers/suwon/schema-engineer/,0,1,0%,176
https://nrlc.ai/careers/morioka/schema-engineer/,0,1,0%,177
https://nrlc.ai/careers/utsunomiya/schema-engineer/,0,1,0%,180
https://nrlc.ai/careers/matsuyama/schema-engineer/,0,1,0%,186
https://nrlc.ai/careers/nagoya/schema-engineer/,0,1,0%,188
https://nrlc.ai/careers/seongnam/schema-engineer/,0,1,0%,189
https://nrlc.ai/careers/sagamihara/schema-engineer/,0,1,0%,194
https://nrlc.ai/careers/kazo/schema-engineer/,0,1,0%,196
https://nrlc.ai/careers/warabi/schema-engineer/,0,1,0%,204
https://nrlc.ai/careers/soka/schema-engineer/,0,1,0%,205
https://nrlc.ai/careers/toda/schema-engineer/,0,1,0%,209
https://nrlc.ai/careers/higashimatsuyama/schema-engineer/,0,1,0%,212
https://nrlc.ai/careers/barrie/schema-engineer/,0,1,0%,214
https://nrlc.ai/services/generative-seo/kitchener/,0,1,0%,218
https://nrlc.ai/careers/san-francisco/schema-engineer/,0,1,0%,221
https://nrlc.ai/careers/kitchener/schema-engineer/,0,1,0%,223
https://nrlc.ai/careers/whitehorse/schema-engineer/,0,1,0%,224
https://nrlc.ai/careers/vancouver/schema-engineer/,0,1,0%,225
https://nrlc.ai/careers/middlesbrough/schema-engineer/,0,1,0%,226
https://nrlc.ai/careers/washington/schema-engineer/,0,1,0%,227
https://nrlc.ai/careers/leeds/schema-engineer/,0,1,0%,229
https://nrlc.ai/careers/new-york/schema-engineer/,0,1,0%,230
https://nrlc.ai/careers/belfast/schema-engineer/,0,1,0%,231
https://nrlc.ai/careers/arlington/schema-engineer/,0,1,0%,232
https://nrlc.ai/careers/memphis/schema-engineer/,0,1,0%,233
https://nrlc.ai/careers/sherbrooke/schema-engineer/,0,1,0%,234
https://nrlc.ai/careers/saguenay/schema-engineer/,0,1,0%,235
https://nrlc.ai/careers/houston/schema-engineer/,0,1,0%,237
https://nrlc.ai/careers/west-bromwich/schema-engineer/,0,1,0%,238
https://nrlc.ai/careers/philadelphia/schema-engineer/,0,1,0%,239
http://nrlc.ai/careers/blackpool/schema-engineer/,0,1,0%,240
https://nrlc.ai/careers/detroit/schema-engineer/,0,1,0%,242
https://nrlc.ai/careers/atlanta/schema-engineer/,0,1,0%,243
https://nrlc.ai/careers/kansas-city/schema-engineer/,0,1,0%,244
https://nrlc.ai/careers/iqaluit/schema-engineer/,0,1,0%,245
https://nrlc.ai/careers/bucheon/schema-engineer/,0,1,0%,247
https://nrlc.ai/careers/seoul/schema-engineer/,0,1,0%,248
https://nrlc.ai/careers/osaka/schema-engineer/,0,1,0%,249
https://nrlc.ai/careers/chicago/schema-engineer/,0,1,0%,250
https://nrlc.ai/careers/montreal/schema-engineer/,0,1,0%,252
https://nrlc.ai/careers/louisville/schema-engineer/,0,1,0%,253
https://nrlc.ai/careers/edinburgh/schema-engineer/,0,1,0%,256
https://nrlc.ai/de-de/services/technical-seo/kitchener/,0,1,0%,256
https://nrlc.ai/careers/hull/schema-engineer/,0,1,0%,257
https://nrlc.ai/careers/northampton/schema-engineer/,0,1,0%,258
https://nrlc.ai/careers/tampa/schema-engineer/,0,1,0%,261
https://nrlc.ai/careers/colorado-springs/schema-engineer/,0,1,0%,262
https://nrlc.ai/careers/omaha/schema-engineer/,0,1,0%,263