Top queries,Clicks,Impressions,CTR,Position
open source seo software,0,133,0%,74.79
open source seo tools,0,60,0%,88.3
copilot seo tracker,0,57,0%,69.7
open source seo platform,0,50,0%,53
ai seo singapore,0,36,0%,52.17
seo southport,0,35,0%,77.51
generative engine optimisation glasgow,0,30,0%,7.83
best open source seo software,0,29,0%,68.41
seo audit belfast,0,28,0%,88.71
conversion rate optimization abbotsford,0,21,0%,39.76
jacksonville ai seo,0,20,0%,57.2
link building strategies in southampton,0,18,0%,22.78
singapore ai seo,0,18,0%,48.72
open source seo tool,0,18,0%,72.72
track perplexity mentions continuously,0,17,0%,57.88
seo southend on sea,0,17,0%,76.71
conversion rate optimisation birmingham,0,16,0%,52.5
ai seo glasgow,0,15,0%,55.13
seo tools open source,0,14,0%,73.93
seo southend-on-sea,0,14,0%,74.64
web audit newcastle,0,13,0%,48.77
seo huddersfield,0,12,0%,90.83
seo audit hull,0,11,0%,62.18
oshawa seo,0,11,0%,83.36
chatgpt visibility help for business in kansas city,0,10,0%,3.7
website audit newcastle,0,10,0%,50
technical seo birmingham,0,10,0%,77.4
seo services oshawa,0,10,0%,80.4
llm jobs,0,9,0%,3
chicago seo company audit,0,9,0%,75.44
copilot seo trackers,0,9,0%,89.56
seo west bromwich,0,9,0%,92.89
link building strategies southampton,0,8,0%,21.75
conversion rate optimization omaha,0,8,0%,25.88
generative seo agency for houston businesses,0,8,0%,43.12
seo conference in middlesbrough,0,8,0%,43.12
ai seo agency singapore,0,8,0%,56.88
seo audit newcastle,0,8,0%,88.38
schema markup jacksonville,0,7,0%,3.14
copilot services chicago,0,7,0%,16.86
indianapolis ai seo,0,7,0%,58
search engine optimisation southend-on-sea,0,7,0%,68.71
technical seo in huddersfield,0,7,0%,70.86
seo writer toronto,0,7,0%,76.14
seo specialist singapore,0,7,0%,77.86
ai search results in okc,0,6,0%,17.5
seo ai automation colorado springs co,0,6,0%,25.67
citation building nottingham,0,6,0%,32.67
search engine ranking optimization stockport,0,6,0%,33.5
columbus ai seo,0,6,0%,39.83
seo ai singapore,0,6,0%,47.33
open source seo reporting software,0,6,0%,50.83
seo packages for oldham,0,6,0%,63.33
search engine optimisation (seo)oldham,0,6,0%,65.33
technical seo in middlesbrough,0,6,0%,67.17
seo specialist belfast,0,6,0%,70.17
international seo singapore,0,6,0%,77
generative ai content optimization in houston,0,6,0%,77.67
seo audit sheffield,0,6,0%,86.33
seo kingston,0,6,0%,92.33
sayama b2b,0,5,0%,6
kazo ai,0,5,0%,6.2
albuquerque conversion rate optimization services,0,5,0%,22.8
conversion rate optimization okc,0,5,0%,28
generative engine optimization montreal,0,5,0%,32.8
virginia beach conversion rate optimization services,0,5,0%,46
seo conference in huddersfield,0,5,0%,60.4
ai optimization singapore,0,5,0%,62.2
website search optimization stockport,0,5,0%,64
seo conference in plymouth,0,5,0%,68.2
best local seo in coventry,0,5,0%,71
seo stockport,0,5,0%,71.4
local seo huddersfield,0,5,0%,74.4
seo conference in northampton,0,5,0%,80
seo search engine optimisation in huddersfield,0,5,0%,82.4
technical seo inoldham,0,5,0%,87.4
southport seo,0,5,0%,90.4
seo conference innorwich,0,5,0%,90.8
chatgpt visibility strategies for businesses kansas city,0,4,0%,5.5
voice search optimization san antonio,0,4,0%,8.75
albuquerque conversion rate optimization company,0,4,0%,21
tucson conversion rate optimization services,0,4,0%,21
oklahoma city ai seo,0,4,0%,21.25
columbus conversion rate optimization services,0,4,0%,25.5
tucson conversion rate optimization company,0,4,0%,25.5
albuquerque conversion rate optimization agency,0,4,0%,27.25
ai e commerce montreal,0,4,0%,35.25
seo search engine optimisation inoldham,0,4,0%,40
search engine ranking stockport,0,4,0%,53.75
web search optimization stockport,0,4,0%,58
seo service windsor,0,4,0%,62
seo conference in oldham,0,4,0%,68
local seo oldham,0,4,0%,71.25
guelph seo services,0,4,0%,74.5
seo specialist in cambridge,0,4,0%,81
oshawa seo services,0,4,0%,81.5
search engine optimisation in southport,0,4,0%,82.75
search engine optimisation (seo)huddersfield,0,4,0%,84.75
search engine optimisation southport,0,4,0%,85.75
seo services saskatoon,0,4,0%,88
technical seo jobs,0,3,0%,3.67
search generative experience in okc,0,3,0%,4.33
wako ai,0,3,0%,5
core web vitals optimisation stockport,0,3,0%,9
copilot optimisation services,0,3,0%,15.33
omaha conversion rate optimization services,0,3,0%,16.33
seo kobe,0,3,0%,19
miami technical soe,0,3,0%,20
sacramento conversion rate optimization services,0,3,0%,20.67
columbus conversion rate optimization company,0,3,0%,31
omaha ai seo,0,3,0%,34
generative engine optimization san antonio,0,3,0%,39.33
ai seo detroit,0,3,0%,47.67
virginia beach conversion rate optimization agency,0,3,0%,50.33
seo analyzer open source,0,3,0%,57.33
searanking,0,3,0%,59
seo marketing strategy stockport,0,3,0%,63.67
seo packages for huddersfield,0,3,0%,64
seo training houston,0,3,0%,65
chatgpt ranking optimisation service near me,0,3,0%,67.67
basic seo in huddersfield,0,3,0%,68.33
best local seo in middlesbrough,0,3,0%,69
seo audit cambridge,0,3,0%,69.67
seo services guelph,0,3,0%,71.33
seo specialists stockport,0,3,0%,73.67
seo oshawa,0,3,0%,77.67
seo services detroit,0,3,0%,80.67
search engine optimisation (seo)middlesbrough,0,3,0%,81
technical seo singapore,0,3,0%,81.33
nashville seo audit,0,3,0%,83.33
seo services coventry,0,3,0%,86.67
seo southend,0,3,0%,86.67
seo specialist in huddersfield,0,3,0%,94.33
phoenix technical seo site audit,0,3,0%,97
seo specialist in northampton,0,3,0%,97
site audit san francisco,0,2,0%,3
seo job,0,2,0%,5.5
seo jobs,0,2,0%,5.5
ai strategist jobs,0,2,0%,6.5
technical writer jobs charlotte nc,0,2,0%,6.5
website audit san francisco,0,2,0%,6.5
website audits san francisco,0,2,0%,7
technical writer jobs,0,2,0%,7.5
ai search optimization boston,0,2,0%,11
how ai improves seo for charlotte websites,0,2,0%,17.5
memphis conversion rate optimization agency,0,2,0%,26
minneapolis conversion rate optimization services,0,2,0%,31.5
columbus conversion rate optimization agency,0,2,0%,34.5
seo writers kansas city,0,2,0%,45
seo ranking stockport,0,2,0%,49.5
edinburgh search engine optimisation,0,2,0%,50
oklahoma city conversion rate optimization company,0,2,0%,51.5
seo competitor analysis chicago il,0,2,0%,52
"api seo chicago, il",0,2,0%,52.5
open source seo checker,0,2,0%,57
"keyword ranking check chicago, il",0,2,0%,57.5
seo conference in leicester,0,2,0%,58.5
conversion rate optimization minneapolis mn,0,2,0%,59
technical seo derby,0,2,0%,59
charlotte seo agency using ai,0,2,0%,64.5
conversion optimization los angeles,0,2,0%,66.5
kansas city ai seo,0,2,0%,67
local seo coventry,0,2,0%,70
google search seo in oldham,0,2,0%,77
llm seeding,0,2,0%,77.5
local seo in stoke-on-trent,0,2,0%,78
seo services for business in coventry,0,2,0%,81
seo specialist vancouver,0,2,0%,84
website search engine optimization stockport,0,2,0%,84
seo specialist in oldham,0,2,0%,88
llmo services,0,2,0%,88.5
seo specialist san francisco,0,2,0%,89
seo leicester,0,2,0%,95.5
seo expert in oldham,0,2,0%,96.5
newcastle search optimisation,0,2,0%,98
guelph seo,0,2,0%,99.5
ai seo jobs,0,1,0%,1
ai technical writer jobs,0,1,0%,1
jobs near me since yesterday,0,1,0%,2
schema markup kansas,0,1,0%,2
knowledge engine arlington,0,1,0%,5
senior technical writer,0,1,0%,5
stockport authority link building service,0,1,0%,5
seo jobs boston,0,1,0%,6
ai utsunomiya,0,1,0%,8
conversion rate optimization halifax,0,1,0%,8
seo jobs in the last week,0,1,0%,8
technical writing jobs,0,1,0%,8
writing jobs albuquerque,0,1,0%,8
ai fukaya,0,1,0%,9
stockport link building service seo,0,1,0%,9
ai honjo,0,1,0%,10
citation drift,0,1,0%,10
generative engine optimization geo kansas city,0,1,0%,10
phoenix semantic optimization,0,1,0%,10
seo,0,1,0%,10
ai optimisation bristol,0,1,0%,11
conversion rate optimisation halifax,0,1,0%,11
seo specialist jobs in okc,0,1,0%,11
ai optimization milwaukee,0,1,0%,12
google ai overview optimization san antonio,0,1,0%,12
seo jobs plymouth,0,1,0%,12
stockport link building services for seo,0,1,0%,12
google analytics advice leicester,0,1,0%,16
omaha conversion rate optimization company,0,1,0%,17
perplexity optimisation services,0,1,0%,17
seo jobs northampton,0,1,0%,17
"competitor analytics chicago, il",0,1,0%,20
edmonton seo specialist,0,1,0%,23
seo jobs leicester,0,1,0%,23
albuquerque ai seo,0,1,0%,25
tucson conversion rate optimization agency,0,1,0%,25
san jose ai seo,0,1,0%,26
conversion rate optimisation wolverhampton,0,1,0%,28
seo gap analysis service stockport,0,1,0%,28
el paso conversion rate optimization services,0,1,0%,30
sapporo competitor,0,1,0%,30
seo jobs coventry,0,1,0%,31
seo training stockport,0,1,0%,32
marketing audits raleigh,0,1,0%,35
seo jobs glasgow,0,1,0%,37
ontology based search engine,0,1,0%,38
seattle ai seo,0,1,0%,41
nashville ai seo,0,1,0%,42
conversion tracking leicester,0,1,0%,44
conversion rate optimization baltimore,0,1,0%,46
immutable crunchbase,0,1,0%,48
atlanta ai seo,0,1,0%,50
charlotte ai seo,0,1,0%,51
seo audits stockport,0,1,0%,52
search engine optimization stockport,0,1,0%,54
search engine optimisation huddersfield,0,1,0%,56
seo jobs belfast,0,1,0%,59
sudbury seo,0,1,0%,59
link building minneapolis mn,0,1,0%,64
seo audit ottawa,0,1,0%,64
technical seo audit phoenix,0,1,0%,64
generative engine optimization agency in singapore,0,1,0%,65
philadelphia ai seo,0,1,0%,65
seo norwich,0,1,0%,65
technical seo audits chicago,0,1,0%,65
denver ai seo,0,1,0%,66
ai seo services charlotte nc,0,1,0%,68
seo strategy stockport,0,1,0%,68
"seo competition tracking chicago, il",0,1,0%,69
search engine optimization help stockport,0,1,0%,70
seo advice northampton,0,1,0%,71
baltimore ai seo company,0,1,0%,73
google search seo in middlesbrough,0,1,0%,73
kingston seo,0,1,0%,73
local seo omaha,0,1,0%,73
seo coventry,0,1,0%,74
seo firm stockport,0,1,0%,74
seo specialist northampton,0,1,0%,74
generative engine optimization singapore,0,1,0%,76
local seo service in coventry,0,1,0%,76
seo consultant stockport,0,1,0%,76
seo specialist in peterborough,0,1,0%,77
local seo middlesbrough,0,1,0%,78
google search seo in peterborough,0,1,0%,79
seo in huddersfield,0,1,0%,79
seo search engine optimisation in middlesbrough,0,1,0%,79
seo agency huddersfield,0,1,0%,80
virginia beach conversion rate optimization company,0,1,0%,80
ottawa seo specialist,0,1,0%,81
phoenix ai seo,0,1,0%,81
seo sudbury,0,1,0%,81
ai seo northern ireland,0,1,0%,82
hull seo,0,1,0%,82
philadelphia seo audit,0,1,0%,82
seo specialist virginia,0,1,0%,82
seo saguenay,0,1,0%,83
seo content stockport,0,1,0%,84
google search seo in nottingham,0,1,0%,85
tucson search optimization,0,1,0%,86
ai as a service kansas city,0,1,0%,88
seo company southport,0,1,0%,89
ongoing llm seo techniques,0,1,0%,90
nashville ai seo agency,0,1,0%,91
windsor.ai competitors,0,1,0%,91
search engine optimisation in southend-on-sea,0,1,0%,92
windsor seo,0,1,0%,92
online marketing search engine optimization stockport,0,1,0%,93
ai seo consultant charlotte nc,0,1,0%,94
online search engine optimization stockport,0,1,0%,94
ai implementation kc,0,1,0%,95
audit services blackpool,0,1,0%,95
b2b seo agency dallas,0,1,0%,95
ecommerce seo ottawa,0,1,0%,95
google search seo in huddersfield,0,1,0%,95
stockport seo consultants,0,1,0%,95
seo guelph,0,1,0%,96
seo open source,0,1,0%,96
ai implementation kansas city,0,1,0%,97
seo services barrie,0,1,0%,97
seo conference in peterborough,0,1,0%,98
seo training dallas,0,1,0%,98
mobile seo services chicago,0,1,0%,99
search engine optimisation in sudbury,0,1,0%,99
technical seo in northampton,0,1,0%,99
technical seo tampa,0,1,0%,99
ai brighton,0,1,0%,100
seo specialist in middlesbrough,0,1,0%,100
seo specialist abbotsford,0,1,0%,101
website audit toronto,0,1,0%,102
seo in kitchener,0,1,0%,218